pid,cond,condLabel,dv,dv_binary,FreeResponse,Duration,ResponseId,God,Intuition,ScienceBelief,ScienceBelief_Reverse,Sex,SexBinary1Male,Race/Ethnicity,RaceBinary1White,Age,AgeBinary1Old,Education,EducationBinary1Degree,Income,IncomeBinary1HighInc,IntuitionScore_ByHand,RepeatTurkerLabelCode,MarkedForExclusion,whoMarked
7,xA,badge,4,0,You need to have doctors qualified to do the procedure. I still dont think it would cut back on infections though.,74,R_1FmjdrvYJi02uFP,1,2,4,2,1,1,3,1,25,0,4,1,3,0,5,0,0,MM
12,xA,badge,2,1,Doctor should already know the procedure.,186,R_3oSCUKLCBhDwirv,3,1,4,2,2,0,5,0,37,1,4,1,4,1,6,0,0,MM
13,xA,badge,5,0,It is a proactive approach to helping patients. I think that is appropriate.,102,R_z37fQwTtjklG5Db,4,4,4,2,1,1,3,1,29,0,4,1,4,1,10,0,0,MM
16,xA,badge,1,1,badges have nothing to do with deadly infections,112,R_1jvQK6tzxMgYYl6,4,2,5,1,2,0,3,1,49,1,2,0,1,0,7,0,0,MM
21,xA,badge,5,0,Seems like a great idea. How could having a list of safety precautions be bad?,217,R_Og2Wtl3wp2tF37b,2,1,5,1,1,1,3,1,41,1,2,0,1,0,4,0,0,MM
22,xA,badge,4,0,The doctors already have experience with the procedure so it would make it even more safe when they have exact directions,131,R_3M3xoecSkxqvKXN,1,1,5,1,2,0,4,0,20,0,3,0,5,1,3,0,0,MM
25,xA,badge,4,0,It sounds like a good idea. But I don't think it's going to be enough. More or better training is likely required.,122,R_1n2Afb58FbAxQmb,5,4,4,2,1,1,3,1,32,0,4,1,3,0,11,0,0,MM
26,xA,badge,4,0,"Having them wear a list is appropriate, however i dont believe its the most effective way to lessen the amount of infections. Proper training would be an alternative.",126,R_2WIpJpisdHMye7p,5,4,3,3,2,0,3,1,24,0,2,0,3,0,12,0,0,MM
27,xA,badge,4,0,I think it's appropriate to try this approach because it would be inexpensive and easy to do. I'm not sure it will be effective but it's still appropriate,93,R_2Eh4VbVMg9avbHF,4,3,5,1,2,0,3,1,38,1,6,1,6,1,8,0,0,MM
31,xA,badge,5,0,It ensures that the doctor is reminded of the safety precautions. I don't see how this could be inappropriate,84,R_2pRWicSvqPnzveB,3,1,5,1,1,1,3,1,26,0,6,1,3,0,5,0,0,MM
50,xA,badge,5,0,"I chose very appropriate because the doctors that are given the safety procedures can be tracked. If something happens to a patient, it will be known which doctor did not follow the safety procedure. The safety precautions will work to reduce the number of incidents.",194,R_1lnpqkx3tAYx6vN,1,4,4,2,1,1,4,0,34,1,2,0,2,0,7,0,0,MM
52,xA,badge,5,0,It as least gives some reassurance to the patients that the doctors have the badge and know how to do the operation as best as they can without giving infections. If they need a reminder they can refer to the badge for the steps needed.,138,R_3edYQDXVLrod0sj,1,2,5,1,1,1,3,1,26,0,3,0,2,0,4,0,0,MM
56,xA,badge,4,0,The doctor wearing the badge doesn't make the procedure any less risky or guarantee that the doctor followed the instructions on the reverse of the badge.,273,R_1mIYOXavmvrxbRG,3,3,3,3,2,0,3,1,66,1,3,0,2,0,9,0,0,MM
57,xA,badge,2,1,"Doctors should not have to be referencing the back of their ID badge to perform such a routine task. Inserting something into a vein should be a technique that is practiced and understood and if the doctor needs to be reminded of the protocol then he can read it beforehand. Should he/she carry the protocol for every medical procedure around with them all the time? That would be ridiculous, doctors should be trained and competent enough to not require a list of steps on the back of their ID badge for one specific procedure.",207,R_1rMwOdTIsc85gSj,1,1,5,1,1,1,3,1,26,0,4,1,2,0,3,0,0,MM
58,xA,badge,5,0,Placing a badge seems appropriate and helpful to the doctors. I see no downside to it.,89,R_3I6x8rSj0ObOq0b,5,4,3,3,1,1,3,1,29,0,5,1,2,0,12,0,0,MM
59,xA,badge,4,0,"I think it is a good idea that is worth a try, but I'm not sure it would make much difference since I'm not sure all doctors will pay attention to it. Some will find it sensible and some might find it insulting.",314,R_3dG1ybH7Qu2topa,2,2,4,2,2,0,3,1,47,1,4,1,1,0,6,0,0,MM
66,xA,badge,5,0,Anything that can reduce the risk of infection is beneficial to the patients,203,R_3kzYMNfsZT4tCnz,4,3,4,2,2,0,3,1,34,1,6,1,4,1,9,0,0,MM
71,xA,badge,5,0,I would prefer to have a specifically trained doctor who was imminently aware of the risks and reminded of them with a ID badge perform the procedure on me or a family member.,88,R_oXMhsl1Xl9p0MCJ,4,1,5,1,2,0,3,1,47,1,2,0,6,1,6,0,0,MM
72,xA,badge,5,0,It should help reduce infections.,79,R_O9XjK0JisFLmoZb,5,4,3,3,1,1,3,1,23,0,3,0,3,0,12,0,0,MM
77,xA,badge,1,1,"Another instance of administration trying to cure a problem with paperwork. We see this in medicine all the time. It's part of the reason health care is getting more expensive. Just let us doctors do our jobs. If you want to post the procedure, put it ON THE WALL. Or, preferably, up the administrator's you know what.",301,R_1Cx5Sm1gmTg4M92,1,1,5,1,2,0,3,1,61,1,6,1,3,0,3,0,0,MM
78,xA,badge,5,0,I think it is appropriate because the doctor is potentially saving people from harm by adding safety precautions.,356,R_334gJlziLuPZcEv,1,1,5,1,2,0,3,1,25,0,3,0,2,0,3,0,0,MM
81,xA,badge,4,0,I choose the option because the director is trying to improve the safety of the procedure. I'm not sure if it is the most effective thing to do but at least he is making progress.,80,R_29pkem6bqYgEg9S,5,3,4,2,1,1,3,1,21,0,4,1,3,0,10,0,0,MM
85,xA,badge,2,1,Its puts a lot more pressure on the doctors. This will make them less efficient and more prone to stress and anxiety.,117,R_1esKAvlNo8Siat3,5,4,3,3,1,1,3,1,31,0,4,1,2,0,12,0,0,MM
86,xA,badge,2,1,It is a great reminder but more could be done to ensure patient safety. Along with new ID badges I would suggest a mentor/advisory group specificly for this procedure that is constantly reviewing journal updates and working together for best patient outcomes.,202,R_210zKf4yJf96UEw,2,4,4,2,2,0,3,1,31,0,3,0,4,1,8,0,0,MM
93,xA,badge,5,0,Because it is always a good idea to have doctors know standard safety procedures before attempting surgery. This is common sense.,67,R_12ltQDfx2kSjUvx,3,2,4,2,2,0,3,1,31,0,2,0,1,0,7,0,0,MM
106,xA,badge,5,0,"It doesn't hurt anything, for one. Also, it ensures that if doctors are unsure of the precautions, they always have the instructions with them. The most important thing is to make sure people are safe and healthy, and this should help that.",158,R_33kegt1LTJD0PIC,5,5,2,4,1,1,3,1,30,0,3,0,1,0,14,0,0,MM
109,xA,badge,2,1,It implies that the doctors are unfamiliar with the procedure. It would make the patients uncomfortable.,91,R_1HnwY3yFOP4rW9N,1,1,5,1,1,1,3,1,40,1,3,0,2,0,3,0,0,MM
110,xA,badge,5,0,I think it's a good idea because it will remind doctors about the safety precautions and will hopefully lower the infection rate.,688,R_9zdw0KNxseGNH7r,1,1,5,1,2,0,3,1,28,0,4,1,6,1,3,0,0,MM
122,xA,badge,3,0,I don't know if it will make the dr look bad with this information on him/or her. I wouldnâ€™t want to know what the dr was doing if it were me getting it done.,314,R_20VhGMbVojbvtsa,5,3,4,2,2,0,3,1,42,1,2,0,3,0,10,0,0,MM
131,xA,badge,2,1,I said somewhat inappropriate because to me it seems like they have to carry it around due to inability to remember. The medical professionals should be able to remember standard safety precautions.,472,R_1HTdCM69QinBYR3,3,3,4,2,2,0,3,1,23,0,2,0,4,1,8,0,0,MM
132,xA,badge,4,0,I'm not sure. It just seems odd to know a doctor is relying on a cheat sheet to save my life.,124,R_1Orkh1jG9CkIi1e,1,1,5,1,1,1,3,1,35,1,2,0,4,1,3,0,0,MM
137,xA,badge,4,0,"Said hospital director is taking a ""viable"" approach--in making sure a doctor who may perform said procedure is well-versed and certified to do so in a safely manner.",170,R_zYH0x8oTw4u13e9,5,2,4,2,1,1,2,0,24,0,2,0,6,1,9,0,0,MM
151,xA,badge,5,0,Having a list of safety precautions could cut down on the amount of infections to the patients.,169,R_1go8sAGnT2Br0ap,1,1,5,1,2,0,1,0,59,1,4,1,3,0,3,0,0,MM
152,xA,badge,4,0,The more safety precautions against doctors making mistakes is a very good idea.,99,R_e5nuu8V41XyERjz,5,3,3,3,2,0,3,1,32,0,4,1,4,1,11,0,0,MM
157,xA,badge,5,0,"This will help to make sure that the proper safety precautions are taken, thus saving lives and preventing infection.",100,R_3EPWyGAwByi6gUA,2,2,4,2,2,0,3,1,41,1,4,1,4,1,6,0,0,MM
165,xA,badge,5,0,I believe that it is for the safety of patients and also to reduce liability of doctors.,72,R_6hzNcB1mXKIOeZz,5,4,4,2,2,0,4,0,26,0,4,1,3,0,11,0,0,MM
167,xA,badge,5,0,"Well it gives the docs an at hand guide if they forget something, and also no excuses if the doc foergets to do something and messes up.",234,R_3Pt65BJYgdwmYqW,3,2,4,2,1,1,3,1,23,0,3,0,1,0,7,0,0,MM
176,xA,badge,5,0,There's nothing wrong with having a badge with safety precautions on your person. If it helps the patient and the doctor it can be beneficial,87,R_27CnSdQmsuOBlel,3,2,5,1,2,0,3,1,32,0,4,1,5,1,6,0,0,MM
179,xA,badge,5,0,This is a very appropriate course of action because the safety of the patient is of paramount importance. It is the responsible thing to do to ensure that all precautions are being closely followed so that the life and health of the patient is not in any way compromised.,129,R_3fiO78vzMOLzqLP,2,3,5,1,2,0,3,1,30,0,4,1,6,1,6,0,0,MM
191,xA,badge,5,0,It reinforces the safety procedures and allows people to be more aware of the potential dangers. It will serve as a reminder for the doctors,892,R_ReHDAOHJOH6mFyx,3,1,5,1,1,1,1,0,27,0,3,0,2,0,5,0,0,MM
202,xA,badge,4,0,It doesn't seem like an over reach or over bearing to have the list attached to the ID badge. My only concerns would be how common of a procedure is this and in turn I have my doubts as to the effectiveness of this measure.,180,R_323FZJHX4ZNhorL,5,2,4,2,1,1,3,1,31,0,4,1,5,1,9,0,0,MM
204,xA,badge,2,1,These are professional who should be able to fight infections a lot easier than this,181,R_DNNnQg1gjZGKvXX,1,1,5,1,1,1,2,0,60,1,4,1,4,1,3,0,0,MM
207,xA,badge,4,0,"it cant hurt, so appropriate. but how can it really help, beyond appearance? so somewhat",91,R_2f96hsAXdSgwtpV,1,1,2,4,2,0,3,1,54,1,4,1,1,0,6,0,0,MM
218,xA,badge,5,0,Because experts can get so comfortable with what they are doing they will start to skip safety procedures. Also it is always nice to have a reminder.,88,R_2saJnSz87MO5Baj,2,1,5,1,2,0,3,1,23,0,3,0,4,1,4,0,0,MM
226,xA,badge,2,1,This doesn't solve the problem. It only is a potential reminder to information the doctor MUST already be aware of. Plus the doctor would have to re-read the card in order for it to act as a reminder. Overall ineffective.,187,R_oZuLENrZnCuociB,1,1,5,1,1,1,3,1,30,0,4,1,5,1,3,0,0,MM
227,xA,badge,5,0,This ensures that the doctor knows the correct procedure and also has the procedure on them at all times.,86,R_pFSNdZBjpcDGhjj,5,4,5,1,1,1,3,1,28,0,4,1,6,1,10,0,0,MM
230,xA,badge,5,0,"It is a safety precaution that is easy to institute and although I would hope the doctors know this stuff by heart, it is better to be safe than sorry.",120,R_2EAgL2ADphKnw53,1,1,4,2,1,1,3,1,23,0,5,1,6,1,4,0,0,MM
231,xA,badge,5,0,He wants to prevent infections from doctors mishandling equipment.,71,R_6uo1IdSSR7hx4k1,3,3,4,2,1,1,4,0,26,0,4,1,2,0,8,0,0,MM
232,xA,badge,4,0,"I chose somewhat appropriate because I thought it was a good idea that he had only the doctors with those tags being able to treat patients as it will cut down the number of infections. However, I think that to be truly effective the doctors should go through a quick retraining course and learn exactly how to do it to prevent any issues in the future.",156,R_2bNUP9PQYVPQnxq,3,2,2,4,2,0,3,1,25,0,4,1,2,0,9,0,0,MM
243,xA,badge,4,0,"It's a good idea to do something to remind doctors of the procedures, but just putting it on their badge may not get them to read or follow the procedures.",99,R_2xRdOy4Ck6kO3Ja,2,1,4,2,2,0,3,1,48,1,6,1,6,1,5,0,0,MM
252,xA,badge,5,0,by having the badge it will serve as a reminder to take precautions that will reduce the risk of infections,134,R_2UXigrkwy4mPpop,5,5,4,2,2,0,4,0,33,0,4,1,3,0,12,0,0,MM
265,xA,badge,3,0,"I think it's an odd choice for a doctor to make. It's not directly related to the procedure, such as stopping infections, but it's a safety precaution checklist. It's a thing specialized professionals should already be doing, so it's hard for me to decide if its appropriate or not.",137,R_2XcAc54S4cyxonN,3,2,3,3,1,1,3,1,23,0,4,1,1,0,8,0,0,MM
266,xA,badge,4,0,It's good to have a reminder of procedures and safety near by but patients may see this as a sign of incompetence.,124,R_VUS6lnTrGzsQTnz,1,1,5,1,2,0,2_3,0,25,0,3,0,2,0,3,0,0,MM
270,xA,badge,2,1,"something attached to the doctors badge will be hard for the doctor to see, while at the same time making the patient feel the doctor needs to be reminded of procedures, giving them less confidence in having the procedure done.",116,R_27DKXwMp9oz8jHj,3,2,5,1,1,1,3,1,30,0,4,1,6,1,6,0,0,MM
279,xA,badge,4,0,"It is appropriate to have a reminder of the safety precautions nearby. However, doctors are highly trained individuals and infections can still happen despite all their training and precautions. While appropriate, it won't be an earth shattering sort of thing.",181,R_1op7uusQikOHSLZ,1,1,5,1,2,0,3,1,26,0,5,1,1,0,3,0,0,MM
281,xA,badge,4,0,It is somewhat appropriate because it may help doctors be more precautious and follow procedures that could save lives. But on the other hand it seems like it should not be so difficult for a medical professional to just remember these kinds of things.,376,R_3NQC1xu9nP5YbT5,5,1,5,1,2,0,3,1,29,0,4,1,4,1,7,0,0,MM
282,xA,badge,4,0,It might help the doctor to follow certain steps in case they forget to prevent infections.,72,R_1LUKTiIpQMZkDIh,5,2,1,5,2,0,4,0,33,0,4,1,2,0,12,0,0,MM
286,xA,badge,4,0,"It is good that the director is providing the information to the doctors, but without any actual training given, the patient gets a false sense of security that the doctor understands the precautions.",142,R_3CBhctS7KSuzGZA,1,3,5,1,1,1,3,1,46,1,4,1,4,1,5,0,0,MM
290,xA,badge,1,1,I think it's very inappropriate because they're treating doctors like children. Shouldn't a doctor have the protocol clearly in their mind - that is why they went to school for 8 years. They spent so much time studying complex topics - that memorizing the procedure should be a cake walk and they shouldn't need a cheat sheet.,953,R_e8nlnorwkQbsNhv,1,2,5,1,1,1,2,0,27,0,2,0,1,0,4,0,0,MM
291,xA,badge,4,0,Maybe their is a bad habit of forgetting the appropriate procedure so this is being implemented to see if infections decrease .,188,R_3KMJQC3mk8M3uaN,5,3,4,2,1,1,2,0,32,0,4,1,5,1,10,0,0,MM
292,xA,badge,5,0,I think that the director's decision is very appropriate because he/she is ensuring that only doctors who understand the safety precautions for the procedure treat patients that need it.,112,R_7QcsnzDmBDKm4I9,3,2,5,1,1,1,3,1,20,0,3,0,1,0,6,0,0,MM
294,xA,badge,2,1,gut feeling,27,R_1ooq27XT2ouQYsS,3,2,4,2,1,1,3,1,24,0,3,0,4,1,7,0,0,MM
295,xA,badge,3,0,What difference does it make whats on the badge. They wont read it even if they are ones giving the infections. Useless,98,R_1jv5xvOf3GiPqyz,5,1,5,1,2,0,3,1,57,1,6,1,3,0,7,0,0,MM
302,xA,badge,5,0,It is appropriate because it's the easiest way to fix the problem or at least get closer to fixing it.,99,R_3O9udn2l1EjEg0d,2,1,5,1,1,1,4,0,28,0,4,1,1,0,4,0,0,MM
318,xA,badge,4,0,I think is a good reminder for the doctors and only doctors performing this procedures and then internally given access.,225,R_1fcJITPwgMuFIYR,4,4,3,3,2,0,3,1,32,0,4,1,4,1,11,0,0,MM
323,xA,badge,2,1,Infections need to be eliminated. No need to put someone under this type of risk!,43,R_XYSqS5jhwsx6Mff,3,1,4,2,1,1,3,1,25,0,5,1,4,1,6,0,0,MM
325,xA,badge,5,0,"The decision is a tough one, but the director's decision will minimize the infection and will save more lives.",135,R_2uV3SPsAXb0nMzH,2,4,4,2,1,1,3,1,33,0,3,0,1,0,8,0,0,MM
326,xA,badge,1,1,It can never hurt to give people reminders.,75,R_3rUsDn3wpvAM6FO,3,3,4,2,2,0,3,1,49,1,4,1,3,0,8,0,0,MM
340,xA,badge,3,0,"I feel like it is neither appropriate nor inappropriate. It doesn't seem like something a doctor would actual look like, it seems like a weird place to put these precautions.",93,R_aWfuAxtruQsK2qJ,1,1,4,2,2,0,3,1,27,0,3,0,2,0,4,0,0,MM
341,xA,badge,2,1,"Because this list is pretty much irrelevant to the doctor's ability and/or the risk of getting infections just by chance. Its sort of, in a way, adding a red stop sign to a red stop sign. The doctor's should already know the list, they don't need another sign or list explaining this to them.",198,R_2wnVAz9WJI8fCfI,5,5,4,2,1,1,3,1,35,1,2,0,3,0,12,0,0,MM
344,xA,badge,3,0,"this is a nosy doctor. all coming up with a ""good idea"" and everyone's all rolling their eyse",313,R_1rxFR7T1wGl781K,3,3,3,3,2,0,3,1,26,0,2,0,1,0,9,0,0,MM
345,xA,badge,4,0,I think it is appropriate for the director to implement this safety precaution because it will likely reduce the number of infections that result from a mistreatment.,88,R_xf7u3tUbMC1jAPL,1,1,5,1,1,1,4,0,24,0,6,1,6,1,3,0,0,MM
348,xA,badge,4,0,I believe that this would be somewhat appropriate because it would remind Dr. of the procedures but it would also scare patients because it may make patients believe that the dr is not capable.,105,R_2Vej8tZsBIMJk7m,3,3,4,2,2,0,3,1,23,0,5,1,1,0,8,0,0,MM
354,xA,badge,4,0,I chose somewhat appropriate because hopefully the doctor will look at it and go over the safety precautions often. I am not sure the doctor will even look at it.,273,R_2VrLsKLhiQrQWyv,5,4,3,3,2,0,3,1,53,1,3,0,5,1,12,0,0,MM
359,xA,badge,4,0,All the procedures that are for safety can't be ignored. whether this helps for not is to be seen however its not too much to give it a try.,125,R_2QKu6tMHUyQLN2V,5,3,4,2,2,0,3,1,79,1,2,0,2,0,10,0,0,MM
366,xA,badge,5,0,"Everything, including every procedure, should be documented. Leave no stone unturned, period.",84,R_242RLFOHl13F6fK,5,4,4,2,1,1,3,1,52,1,3,0,1,0,11,0,0,MM
374,xA,badge,4,0,"It sounds like a measure to help the doctors and to protect patients. It might be a little embarrassing for the doctors, but overall it is in the patient's best interests.",159,R_3QSHt5M9VruxQt7,1,1,5,1,2,0,3,1,47,1,4,1,3,0,3,0,0,MM
376,xA,badge,5,0,It will help the doctor remember safety precautions. It will also provide patients with a sense of comfort knowing the doctor is wearing the badge.,156,R_1rvtErNJNTUaYgk,1,1,5,1,1,1,2,0,28,0,3,0,4,1,3,0,0,MM
378,xA,badge,5,0,"I believe that what the doctor is doing by making infections more scarce is a step in the right direction. There will always be that case where nothing was able to be done and something causes infection, but Im glad that this doctor is trying to do his best.",145,R_3MhQaqtpFhQTzyK,3,2,3,3,2,0,3,1,30,0,3,0,2,0,8,0,0,MM
380,xA,badge,5,0,"I think it's completely appropriate to have a checklist handy of steps to help prevent infections, I think it would help cut down on infections if both the doctor and the patient know what the proper procedure is.",183,R_27j6GgRhyQLOLxo,1,1,4,2,2,0,3,1,32,0,3,0,5,1,4,0,0,MM
383,xA,badge,4,0,The decision is appropriate if there is a good chance of it working.,48,R_TvdV6E77sBluUxP,2,1,4,2,1,1,3,1,20,0,3,0,4,1,5,0,0,MM
387,xA,badge,3,0,I don't think it would really make a big difference. Doctors know all of that information already.,77,R_1JIyhj9jCd3NOiY,3,2,4,2,1,1,2,0,23,0,4,1,3,0,7,0,0,MM
1,xA,badge,2,1,It seems reasonable. It could help people.,59,R_qWQHBN52QgaJUlz,2,3,2,4,1,1,3,1,33,0,4,1,1,0,9,0,1,MM
6,xA,badge,2,1,II think that is a good idea but not sure a sick person would realize weather or not he/she is being treated by the badged person or not,121,R_2pRBI36LBIafbKb,5,5,4,2,2,0,3,1,62,1,3,0,1,0,12,0,1,MM
82,xA,badge,4,0,We can identify the doctors who does that operation easily by this decision,146,R_tFgsp9PdTQtUgtX,5,4,5,1,1,1,3,1,27,0,5,1,4,1,10,0,1,MM
130,xA,badge,2,1,He isn't informing patients on the deadly infection risk,120,R_vCdxARAsr5yyBPP,4,2,4,2,2,0,1,0,22,0,4,1,2,0,8,0,1,MM
140,xA,badge,4,0,I think it's appropriate because it will probably make patients more aware of the risks of the procedure.,97,R_SGBvmtbJuJaRKOB,4,2,4,2,2,0,4,0,25,0,4,1,2,0,8,0,1,MM
199,xA,badge,4,0,"It helps keep infection to a minimum if only the doctors who have been trained in the safety precautions. This way, the less experienced doctors will not be able to treat those who need the tube.",118,R_RbqhXMTx5MN7UZj,2,2,5,1,1,1,3,1,23,0,4,1,5,1,5,0,1,MM
201,xA,badge,4,0,It marks the doctors who are the most experienced at this task to perform it regularly.,70,R_OqwKAKLo1EbS1cB,3,3,5,1,2,0,3,1,27,0,3,0,1,0,7,0,1,MM
203,xA,badge,1,1,I think it's important for the patient to understand the procedure.,43,R_21gl380JmU2XcUm,4,4,4,2,2,0,3,1,29,0,4,1,3,0,10,0,1,MM
206,xA,badge,1,1,"It could help the patients feel more trusting of their doctor's abilities, & doctors are humans too, so they could use reminders that are close by just in case",119,R_27KIvnu3TTJaQTQ,5,3,2,4,2,0,1,0,24,0,4,1,2,0,12,0,1,MM
222,xA,badge,5,0,I think this is a very good idea because no person ever wants someone who they are not sure has been well trained inserting something into a major vein. Also if they are not awake at the time it would make the decision easier for their family.,342,R_1OAWbZKfdncZjtA,1,1,5,1,2,0,3,1,32,0,2,0,2,0,3,0,1,MM
233,xA,badge,1,1,Since this is something new and probably not well tested it would be required that precautions are taken. And in the even treatment is needed the list will be readily available which is a good thing.,235,R_12xwu0vyf57Okdb,5,5,4,2,1,1,3,1,61,1,3,0,3,0,12,0,1,MM
251,xA,badge,5,0,It is smart to know who can do this function,76,R_1q1YLTNsVtycdKr,3,3,3,3,1,1,3,1,31,0,4,1,3,0,9,0,1,MM
309,xA,badge,2,1,"It may signal to other people what disease they have, raising privacy concerns.",78,R_RaitY9DEFTUHXMZ,2,3,4,2,1,1,3,1,25,0,4,1,4,1,7,0,1,MM
337,xA,badge,5,0,The Id is a form my identification. I would not want to random person sticking a tube in me. This way the patient knows exactly who s doing what.,119,R_1psqv4r9qZcTUuT,1,1,5,1,1,1,4,0,21,0,3,0,3,0,3,0,1,MM
357,xA,badge,2,1,"I chose somewhat appropriate because there is nothing wrong with this action, but I'm not sure that it would be very effective.",104,R_3ozSMHOWSUVmxMu,4,5,2,4,1,1,3,1,21,0,3,0,4,1,13,0,1,MM
2,ABL,bp_long,3,0,I think research like this is necessary to determine what is more effective.,47,R_qRui6cMVuCwMHAJ,1,1,5,1,1,1,3,1,27,0,4,1,3,0,3,0,0,MM
5,ABL,bp_long,3,0,"The setup might be OK, but a better way would be to run a test that doesn't have a consequnce to see which one makes you follow instructions better. This one is on the border of ethics, as you are not purposefully denying or infecting any patients.",143,R_3O3yIWInqPGInDd,1,2,5,1,1,1,3,1,47,1,6,1,3,0,4,0,0,MM
10,ABL,bp_long,2,1,"It is inappropriate to treat people in this manner, rather than treating them the appropriate way. They should not be subject to a guessing game experiment in regards to their health.",80,R_2WDzrGqrhWeTuzx,4,4,4,2,1,1,3,1,27,0,6,1,3,0,10,0,0,MM
11,ABL,bp_long,1,1,The patients weren't informed they were part of an experiment. No procedural outline was distributed to participating physicians.,103,R_3EQhe8M9r7ZYBnA,1,1,5,1,2,0,3,1,53,1,4,1,1,0,3,0,0,MM
24,ABL,bp_long,2,1,it felt like the right thing to say,79,R_3Jy0aTCMzd2qgw9,5,4,3,3,1,1,3,1,67,1,3,0,3,0,12,0,0,MM
28,ABL,bp_long,3,0,"If the doctor is not careful, no reminder will help him",173,R_vuarFbwArkplk3v,1,2,5,1,1,1,3,1,30,0,6,1,4,1,4,0,0,MM
35,ABL,bp_long,5,0,having a controlled test is often the only way to see what works.,128,R_3iPDxPSQQUcgphh,5,4,3,3,1,1,3,1,49,1,2,0,2,0,12,0,0,MM
38,ABL,bp_long,4,0,"As long as the doctors read the precautions either on the badge or poster, I think the director made an appropriate decision. Using the procedure that has the highest survival rate is also good.",236,R_262pYk8duXfFO2C,1,2,4,2,1,1,4,0,21,0,3,0,3,0,5,0,0,MM
44,ABL,bp_long,1,1,"Well initially I thought this was appropriate in terms of validating a scientific study. But this isn't really an experiment. If in this case you know one options works better then the other, then make both the standard. That way all doctors will get message, for the mere cost of a few more badges or posters. This was a hospital bean counter trying to save a few bucks at the expense of people's lives and is ultimately very inappropriate, all while billing patients $10 for a damn aspirin.",406,R_2y8YYdTl8US6X1z,2,1,5,1,1,1,3,1,50,1,4,1,3,0,4,0,0,MM
47,ABL,bp_long,1,1,"I understand the idea behind it in that you want to know which is best, but this is inappropriate. People's lives are at stake, therefore no experiment should be done, we need to save lives.",83,R_2AEEA01rfog26Np,5,4,4,2,1,1,3,1,31,0,6,1,2,0,11,0,0,MM
48,ABL,bp_long,1,1,It just feels like Russian roulette. There has to be a better way to notify of the precautions that will guarantee the best way to do this.,143,R_A1Bo1sy3ajQtHnr,3,3,4,2,2,0,3,1,30,0,3,0,4,1,8,0,0,MM
51,ABL,bp_long,3,0,It seems a little sketchy to test things on actual human patients but this is also not that risk of a test. I'm kind of in the middle about it.,122,R_28XRZAGSYIqyeNp,5,3,3,3,2,0,3,1,24,0,3,0,2,0,11,0,0,MM
54,ABL,bp_long,4,0,"It's a good experiment and follows all of the regular rules, I just don't know how ethical it would be to base a decision after 1 year.",85,R_1igk4cDdZ0l2X2W,1,1,5,1,2,0,5,0,23,0,3,0,2,0,3,0,0,MM
60,ABL,bp_long,1,1,"You are putting people's lives at risk by using them as experimental subjects when they could get a deadly infection as a result. While I am not a specialist in creating experiments, there must be some other way to reduce these infections. How about antibiotics?",155,R_3oBhRo1RvQnf0xd,1,1,5,1,2,0,3,1,66,1,6,1,2,0,3,0,0,MM
67,ABL,bp_long,1,1,I don't think that it's appropriate to treat humans as lab rats. Though experiments are risky this seems way more risky than normal.,81,R_OC2Cqr4BbgIltiF,5,3,4,2,2,0,1,0,21,0,4,1,6,1,10,0,0,MM
68,ABL,bp_long,3,0,"Since both doctors are aware of the safety precautions, I don't think it's a terrible idea. But to play around with survival rate of patients seems like something that shouldn't be played around with.",235,R_RPLqFmLi2Z8f0ml,1,2,4,2,2,0,4,0,32,0,4,1,3,0,5,0,0,MM
79,ABL,bp_long,4,0,The procedures are being performed regardless of the risk. This only looks to improve upon that risk.,113,R_1Dxa2eQFIz83eoy,2,4,5,1,2,0,3,1,33,0,4,1,6,1,7,0,0,MM
84,ABL,bp_long,1,1,If the patients are going to be in the study then they should be informed of the possibility of having either procedure,174,R_1QGjdICYejEtbCu,5,3,4,2,2,0,3,1,57,1,4,1,6,1,10,0,0,MM
91,ABL,bp_long,5,0,"It's a unique way to test out these infections, I am interested in this way of doing things.",268,R_3hiMbuDijbsSIuJ,3,3,4,2,1,1,2,0,30,0,4,1,3,0,8,0,0,MM
96,ABL,bp_long,1,1,"If he is sure one or the other would save lives, why not do both? It seems a feasible solution. Why risk more lives?",273,R_C9tmHEJu5BkT48F,3,2,5,1,2,0,3,1,64,1,3,0,1,0,6,0,0,MM
97,ABL,bp_long,4,0,"I guess he wants to see what works best, so going forward, they can do a better job.",68,R_9zqRNwrTHuNU5qx,3,2,3,3,2,0,3,1,34,1,3,0,5,1,8,0,0,MM
99,ABL,bp_long,2,1,It sounds like they are conducting an experiment with humans. It seems like they have no value for human life.,154,R_1Ok7SmkXehMM4Ud,4,5,3,3,1,1,1,0,25,0,4,1,4,1,12,0,0,MM
100,ABL,bp_long,5,0,Safety precautions are listed in both conditions. This can help determine which way is better.,145,R_22ugsmrY0MBx3nv,5,2,4,2,1,1,3,1,38,1,6,1,4,1,9,0,0,MM
103,ABL,bp_long,5,0,"Both options intend to reduce infections, with little chance of causing additional harm. Without knowing which will provide better results, there is no cause to prefer one over the other.",142,R_1pmrVg2z6xYP8da,2,1,5,1,1,1,2,0,39,1,4,1,5,1,4,0,0,MM
115,ABL,bp_long,3,0,"I think that it's tough because it can be a life or death thing, but if there is no information or research up front, you need to start somehow. This is probably borderline inappropriate, because for something this serious, you'll probably need to do a bit more research and then pivot towards whichever way has the highest survival rate.",321,R_1pA8S4OGcNXgCwF,2,2,5,1,1,1,3,1,30,0,4,1,6,1,5,0,0,MM
120,ABL,bp_long,2,1,"It seems inappropriate to be doing a test like this using patients whose actual health is on the line. It's not a huge deal, I guess, the instructions being printed in different places, but maybe if they were testing on patients where mistakes could lead to deadly infections it wouldn't feel so bad.",159,R_2D5oOuNPxRZQ39w,5,2,4,2,2,0,3,1,33,0,3,0,1,0,9,0,0,MM
124,ABL,bp_long,3,0,Need more information. Who approved this experiment. Where is the documentation for it. Where the patients notified of this and do they have a choice to opt out of it.,127,R_3nSKDtmaWZHDPtl,3,2,5,1,2,0,1,0,24,0,4,1,2,0,6,0,0,MM
126,ABL,bp_long,2,1,I think they are just risking peoples lives. It would be best to just provide everyone with the proper instructions.,194,R_3kIhTRyyqnZSrME,3,2,4,2,2,0,2,0,31,0,3,0,2,0,7,0,0,MM
136,ABL,bp_long,5,0,"Care and precaution is used in both instances, and there's no consensus on which method of showing the safety precautions is better. Patients wouldn't mind if the doctor had the measures on a badge or in plain site on a poster.",126,R_09eURYmDkOW5KbT,1,1,5,1,1,1,4,0,35,1,4,1,2,0,3,0,0,MM
139,ABL,bp_long,4,0,"His intentions are good, because his overall goal is to reduce infections. However, this kind of test might be better conducted on non-human subjects. Even though in both cases, the info is available for the doctors on correct procedures, if the study results in one group actually surviving better than the other, then that means that the study put the less-surviving group's lives at an unnecessary risk.",178,R_Z7rXcWRrkTsH3C9,1,1,5,1,2,0,3,1,23,0,3,0,2,0,3,0,0,MM
146,ABL,bp_long,2,1,Deciding to treat based off this particular experiment is inappropriate. You have to account for skill levels of the providers in this case and you have to make sure the providers are adequately trained. Treating a patient should be based on evidence supporting that particular treatment. But one study suggesting treatment is better because of arbitrary outcomes as listed here wouldn't be good for the patients.,162,R_1DN1bLSsGlCU52m,4,4,4,2,1,1,3,1,27,0,6,1,3,0,10,0,0,MM
148,ABL,bp_long,5,0,Either way gives the necessary information about the chance of infection. The method with the highest survival rate will be the method used to give out this info.,287,R_296Nzaiu8LWbyYy,5,4,3,3,2,0,3,1,64,1,4,1,4,1,12,0,0,MM
150,ABL,bp_long,3,0,i think this is a smart way to do it,59,R_3qRa0zLIdkVImYZ,3,4,4,2,1,1,3,1,26,0,2,0,2,0,9,0,0,MM
161,ABL,bp_long,2,1,I think the test is not a very safe way to conduct the experiment. They should not be using real live patients to try and figure out the best way to treat them. The way it is setup can harm people and effect them in the real world.,137,R_1gOrz0NQLu2wDNo,1,2,5,1,1,1,3,1,33,0,4,1,4,1,4,0,0,MM
166,ABL,bp_long,5,0,This option was a good one for the doctor because the processes he chose did not create any greater risk for the patients than they would normally be subjected to.,156,R_XSZefw8mxMqUU5r,4,1,5,1,2,0,3,1,65,1,2,0,1,0,6,0,0,MM
171,ABL,bp_long,2,1,"the patients did not know that they were part of an experimental study, so this will be unethical",122,R_5c04oCv36hwBlSN,1,1,5,1,1,1,3,1,39,1,4,1,2,0,3,0,0,MM
173,ABL,bp_long,5,0,It doesnt increase the risk for anyone and has a chance of reducing the risk for future patients.,61,R_1IEgkPaswzk1KcW,1,1,5,1,2,0,3,1,37,1,3,0,2,0,3,0,0,MM
180,ABL,bp_long,3,0,I'm not sure about using people who are sick to test something like this. I do think it's worth knowing which is safer though.,125,R_24AeLAsz1jHGsqd,1,1,5,1,1,1,3,1,36,1,4,1,4,1,3,0,0,MM
182,ABL,bp_long,1,1,There is no need to have the two groups. You just post the in instructions in a highly visible location so everyone can follow the recommendations.,505,R_1QyetJKf2BipWHk,3,3,5,1,1,1,4,0,68,1,3,0,2,0,7,0,0,MM
183,ABL,bp_long,3,0,"I am unsure. I don't know how I feel about the manipulation, or the not letting patients really ""know"" what is going on. I don't think it is fair to ""gamble"" with someones life. Its a bit scary to me.",146,R_2Tt679D2gbBZGbm,1,1,5,1,2,0,3,1,39,1,3,0,2,0,3,0,0,MM
186,ABL,bp_long,4,0,It would seem that all doctors had access to the same information. This should not have imoacted anyone in a negative way.,159,R_3rTHT2KTgNZm4XX,3,2,4,2,2,0,3,1,60,1,3,0,3,0,7,0,0,MM
188,ABL,bp_long,1,1,The director is doing this without the consent of the patients. Doing that is illegal and immoral. If the patients consented themselves to this it would be fine.,130,R_270Y9FF3AOnGpAd,2,1,5,1,1,1,1,0,23,0,4,1,3,0,4,1,0,MM
192,ABL,bp_long,4,0,"I am lead to believe the infections only happen when the doctors make mistakes, so I suppose I can think of no other way to determine what method of teaching the doctors leads them to kill the fewest people.",179,R_1HogF6bfVYUmuGv,1,1,5,1,2,0,3,1,23,0,3,0,1,0,3,0,0,MM
193,ABL,bp_long,4,0,If it works and there is no problems then go on ahead and do it. If there is no major consiquences then do it.,179,R_stKV8tjuvZeRJlL,5,4,2,4,2,0,3,1,34,1,4,1,3,0,13,0,0,MM
197,ABL,bp_long,5,0,"Until they know what is more effective, he is giving both options a chance. They are not prohibiting the patients from being healed in any way.",108,R_2fIMcGbI5KJzCas,3,1,5,1,2,0,3,1,27,0,3,0,3,0,5,0,0,MM
214,ABL,bp_long,1,1,Playing with lives that way isn't something that people should do. It should be the norm to apply both in order to increase the survival rate of every patient.,162,R_3eeIeHL2dj6nN8j,2,1,5,1,1,1,1,0,23,0,3,0,4,1,4,0,0,MM
215,ABL,bp_long,5,0,"All the standard safety precautions are being followed in both sets so there is no risk to patients. The quality of the patients treatment is not affected by this test, so there is no real reason to think that this is a bad idea.",215,R_3kuYt4oz54QINLi,4,2,5,1,1,1,3,1,43,1,4,1,6,1,7,0,0,MM
219,ABL,bp_long,2,1,People should not be used in experiments without their knowledge.,93,R_2vZcTuEDiGSvjEz,1,1,5,1,1,1,3,1,25,0,4,1,2,0,3,0,0,MM
223,ABL,bp_long,4,0,He's being pro active on solving a problem and is open to several ideas. Although it feels like he's experimenting on patients.,153,R_ZCZ3odnRgDYRei5,3,1,5,1,1,1,1,0,42,1,3,0,2,0,5,0,0,MM
228,ABL,bp_long,2,1,You're risking people's health over using a badge or poster.,126,R_3m4VvRq3nguRca1,2,2,4,2,1,1,3,1,33,0,3,0,3,0,6,0,0,MM
240,ABL,bp_long,1,1,Humans cannot be used in experiments without their consent. Especially when great harm is possible.,87,R_2TH0sdS1TahQtZW,1,1,5,1,1,1,3,1,28,0,6,1,2,0,3,0,0,MM
241,ABL,bp_long,4,0,"Science is only possible when hypotheses (in this case, a new method) are tried and either proved or disproved. It can be assumed that neither of the options the director chose are worse than what is being done currently. It is correct to determine which new method is superior to avoid choosing one option and then later finding out that it wasn;t best. I selected only somewhat appropriate though because there should be a control group of people treated using the current method only to make sure that the new methods are actually effective.",249,R_3EuRNV7UuYQNC4o,1,1,5,1,1,1,3,1,31,0,3,0,1,0,3,0,0,MM
247,ABL,bp_long,5,0,Well someone has to make the final decision. I think the director would be a appropriate person for the task.,193,R_ewIppjPTZZVxgqt,5,3,4,2,2,0,3,1,31,0,6,1,6,1,10,0,0,MM
250,ABL,bp_long,1,1,R_aWfuAxtruQsK2qJ,385,R_1GvIT8NIRdi81ND,5,2,4,2,1,1,4,0,27,0,6,1,3,0,9,0,0,MM
253,ABL,bp_long,2,1,A year seems a long time where the patients are guinea pigs. It seems like more thought should be given as to which would work best instead of using a year's worth of data. What would it hurt to just implement both policies?,216,R_12JOF0UZxqBQP6W,1,1,5,1,2,0,3,1,51,1,4,1,1,0,3,0,0,MM
254,ABL,bp_long,1,1,"I think it's unethical to use humans in an experiment like this. Certainly the director may be able to gleam information, but it will be at the cost of human lives. There are other ways to figure out which method is better without sacrificing human lives.",140,R_3Ea5ze5OuwqU985,2,1,5,1,1,1,4,0,26,0,4,1,5,1,4,0,0,MM
255,ABL,bp_long,2,1,I think it is clear that being treated by the doctors who are constantly reminded of the process will make for healthier patients. The doctors relying on using the wall poster will be distracted if they are trying to complete the process and will not have the information on their person's at all times.,119,R_2qrd6HesOH0jbiu,1,1,4,2,1,1,3,1,21,0,3,0,1,0,4,0,0,MM
257,ABL,bp_long,4,0,"With either method, the doctors have the precautions listed for them. Either way, it would be up to the doctor to remember to actually look at the list, so where they have to look to see it wouldn't make much of a difference.",147,R_2bNP71aZHYIZ456,1,1,4,2,1,1,3,1,23,0,2,0,4,1,4,0,0,MM
258,ABL,bp_long,5,0,The only way to get an accurate result is to have a control group.,54,R_3qI4gek4Lukd3fA,2,1,5,1,2,0,3,1,33,0,5,1,4,1,4,0,0,MM
267,ABL,bp_long,2,1,Because the other group needs SOME safety standards. You can't willingly subject a group to see what happens.,68,R_1IoNRwSYyNtXTVb,1,2,5,1,2,0,3,1,32,0,6,1,5,1,4,0,0,MM
271,ABL,bp_long,4,0,"Since people sometimes get deadly infections because of this treatment, it would make sense to find out a way to prevent that. Not knowing the best way to prevent this from happening, it would make sense to monitor if a certain condition could affect this outcome. The doctor isn't intentionally hurting his patients, but looking at what scenario helps his patients the most.",289,R_1pZ1tfxVC3U22VU,3,1,5,1,2,0,3,1,47,1,3,0,3,0,5,0,0,MM
277,ABL,bp_long,4,0,"They are treating the patients relatively the same way, just with different safety precautions listed in a different place. They will be able to determine what works best with this test.",115,R_12uvlmrxc3Kep74,4,2,4,2,1,1,3,1,31,0,4,1,3,0,8,0,0,MM
280,ABL,bp_long,4,0,It'd be more appropriate to just do both.,82,R_3EMves4XyXmfr5c,1,2,5,1,1,1,3,1,38,1,2,0,1,0,4,0,0,MM
287,ABL,bp_long,2,1,I don't think its fair to the patience. They don't even get to choose what they want.,239,R_OdoyhOXjhXdUmDn,5,3,3,3,1,1,1,0,37,1,2,0,2,0,11,0,0,MM
304,ABL,bp_long,2,1,R_TcqUQ5S2M6lpAZP,219,R_1qVdlbQHxBxz362,3,3,4,2,2,0,3,1,43,1,4,1,5,1,8,0,0,MM
306,ABL,bp_long,3,0,"This is how you are going to prevent infections? Maybe I don't understand but shouldn't your doctor know what he is doing without a list of instructions in any form? When I had back surgery, was the doctor watching a ""how to"" video on youtube or did his knowledge and experience guide him through. Again, maybe I don't understand, but why do they need instructions?",272,R_2wzWpYB88MPitw8,1,2,5,1,2,0,3,1,32,0,3,0,3,0,4,0,0,MM
310,ABL,bp_long,2,1,"Both of those ideas are good, but ideally you shouldn't be doing science with things that can save lives, you should be immediately going right to the life-saving, if there's no downside to either of them, they should have just done both immediately.",93,R_3j0pZFbQTsSA7y4,1,1,5,1,1,1,3,1,32,0,4,1,6,1,3,0,0,MM
313,ABL,bp_long,2,1,I believe that all the people involved should know about precautions,302,R_3EtFk2jeU009IHy,4,4,4,2,2,0,2,0,40,1,4,1,1,0,10,0,0,MM
319,ABL,bp_long,2,1,"Patients did not have consent in the experiment, could lead to deaths",78,R_2dgBr2cIWLdOKZz,3,1,5,1,1,1,4,0,22,0,3,0,5,1,5,0,0,MM
320,ABL,bp_long,5,0,The director is trying to see which method will reduce infection. The doctors will still have access to the same information.,257,R_1hGYFXmmTf1GV2C,5,4,4,2,1,1,2_3,0,37,1,4,1,6,1,11,0,0,MM
322,ABL,bp_long,4,0,Good to test things but having a doctor touch their id badge during working hours is may increase the spread of infections. Better to have a study simply with and with out posters.,292,R_3NIIgfn7EMvnM29,1,1,5,1,1,1,3,1,50,1,3,0,3,0,3,0,0,MM
327,ABL,bp_long,1,1,I don't think that this experiment should be tested on humans. The director knows the risk and there is a high possibility that quite a few people could die. I think that this experiment should be tested on animals.,124,R_2sXAJSg27jv9d1f,5,4,2,4,1,1,3,1,30,0,6,1,3,0,13,0,0,MM
333,ABL,bp_long,4,0,Testing both options in such a manner is fine. There should be a control group as well though so they can see if either actually make any improvement at all.,147,R_UiRG29JkiuJSEwh,1,1,5,1,1,1,3,1,36,1,3,0,2,0,3,0,0,MM
334,ABL,bp_long,1,1,Because it tests on people,60,R_3IZ9JMhQQJPY19Y,3,2,5,1,2,0,3,1,33,0,6,1,2,0,6,0,0,MM
346,ABL,bp_long,5,0,Only way to find the truth. Either will probably be an improvement over doing nothing anyway.,545,R_1r6xeiEAyJ2jS9Y,1,1,5,1,1,1,3,1,28,0,3,0,2,0,3,0,0,MM
350,ABL,bp_long,2,1,the id badge is a much better method. a poster can become compromised and critical life saving information could be missed.,207,R_1pM5kAOoCerfgBO,3,1,4,2,2,0,1,0,61,1,4,1,6,1,6,0,0,MM
355,ABL,bp_long,1,1,The patients in the study have no idea they are being used as test subjects which seems to me unethical. The doctor should have the other doctors be well prepared before treating the patients.,154,R_1jDkhUcKCOdMpxr,4,2,4,2,2,0,4,0,24,0,4,1,1,0,8,0,0,MM
356,ABL,bp_long,5,0,The director is trying to stop as many infections as possible which is a good thing but doesn't know how to accomplish it so has chosen to experiment with different tactics.,159,R_RP2w004a2NwhyRr,3,3,5,1,1,1,3,1,48,1,4,1,3,0,7,0,0,MM
361,ABL,bp_long,2,1,It's somewhat inappropriate if the doctor does not inform the patients of this procedure. There will have to volunteers.,132,R_AhfGiiaj2fOtY09,5,3,4,2,2,0,5,0,27,0,2,0,3,0,10,0,0,MM
362,ABL,bp_long,2,1,"I believe that the choice should be the patients, not assigned randomly.",138,R_2uxp2KeKapcSVlM,5,4,4,2,2,0,4,0,51,1,3,0,4,1,11,0,0,MM
365,ABL,bp_long,2,1,"I understand the need for the study, but it is unethical to do so without the consent of patients.",113,R_1QioAOfL68WYkgl,1,1,5,1,1,1,3,1,19,0,3,0,5,1,3,0,0,MM
368,ABL,bp_long,5,0,Both set of patients will be treated by doctors trained in current safety precautions. It will be valuable to find out which set of reminders leads to the highest survival rate.,192,R_1Iaw1Tdn3bTIhnu,5,1,4,2,1,1,3,1,55,1,4,1,2,0,8,0,0,MM
377,ABL,bp_long,2,1,"It seems to basically be flipping a coin as to what will be the outcome. Other factors at play will influence how much the infections can be reduced. For something this serious, a more scientific effort should be made instead of just how the doctor can view the information.",191,R_3F3Wq6HbJj7Iedu,4,3,4,2,1,1,3,1,40,1,4,1,3,0,9,0,0,MM
379,ABL,bp_long,5,0,"It seems like a reasonable idea, that is both low cost and doesn't appear to have any downside. With no real possibility for harm to patients there is no reason not to test the director's idea.",151,R_31crpXm075oub3J,3,2,4,2,1,1,3,1,28,0,4,1,2,0,7,0,0,MM
381,ABL,bp_long,5,0,"It seems like a fair and reasonable way to determine which method works the best. It wouldn't endanger anyone, since both things will be an improvement on the previous method.",172,R_2uNYoXgHyngmO7j,5,2,4,2,2,0,3,1,40,1,4,1,3,0,9,0,0,MM
385,ABL,bp_long,2,1,"I think simply running an experiment on something that is dealing with life or death in such a casual way or decision is somewhat inappropriate. I wouldn't put it was very inappropriate but we are talking about peoples lives and infections. I think through only options we can see the best way to reduce infections without risking patients who are put under this experiment, simply looking a year later at survival rates to see which one is better sort of puts one side towards failure, which is going to bring along more deaths.",185,R_20kIaXp9lTkYwzn,1,2,4,2,1,1,3,1,22,0,3,0,5,1,5,0,0,MM
386,ABL,bp_long,2,1,"It's wrong to play with people's lives, but there must be a way to find out wich method is better.",197,R_2c0nESF7HSVOGod,1,5,1,5,2,0,2,0,22,0,4,1,2,0,11,0,0,MM
20,ABL,bp_long,4,0,"I think it should be patient's choice, not a blind game.",75,R_2VgOUW6lPkjLAsR,1,1,5,1,1,1,3,1,27,0,3,0,1,0,3,0,1,MM
36,ABL,bp_long,2,1,The patient should always be made aware of the consequences of a procedure. Compromising this information for the sake of research seems unethical.,132,R_2ZODt6LIy2OQi5G,2,4,5,1,1,1,3,1,22,0,4,1,1,0,7,0,1,MM
114,ABL,bp_long,2,1,I think it is better to list the precautions by hanging them on the wall. To have them listed on the back of a badge where patients cannot see them and are unaware is wrong.,185,R_3r1zBLopFR0U0rY,4,3,4,2,1,1,2,0,38,1,4,1,4,1,9,0,1,MM
305,ABL,bp_long,1,1,"While I don't disagree with using two different methods to find the one that makes it easier for patients to understand the procedure, the criteria for how it turns out are far too extreme. The doctors should ask the patients before the procedure if they fully understand, and then judge the two methods by who did and didn't understand before the procedure.",175,R_Tt1mPUfvnc9A88h,1,1,5,1,1,1,3,1,35,1,4,1,5,1,3,0,1,MM
342,ABL,bp_long,2,1,"The same guidelines will be given in both scenarios. It's an experiment to determine which method of delivering the guidelines is more effective, therefore I don't see it as compromising the level of care that should be expected in either scenario.",163,R_1Iay2hxJQKEMujy,1,1,5,1,1,1,3,1,29,0,3,0,4,1,3,0,1,MM
3,ABS,bp_short,4,0,I mean it seems like it was thought out well enough. But with only 1 paragraph of information I really don't have much more to say.,103,R_1mP2TWQhYkRgirg,1,1,5,1,1,1,3,1,30,0,2,0,2,0,3,0,0,MM
8,ABS,bp_short,4,0,As long as there is adequate training in the first place then I see nothing ethically wrong with trying this. It would not put anyone at undue risk and may help save lives in the future.,107,R_2s1I8HXz7dtwkI8,2,1,4,2,1,1,3,1,50,1,3,0,2,0,5,0,0,MM
9,ABS,bp_short,2,1,I think the patients should get the same treatment,69,R_eLGew7rmON3KdRD,4,4,3,3,1,1,1,0,34,1,3,0,2,0,11,0,0,MM
14,ABS,bp_short,4,0,Good idea to find out which way is more appropriate.,130,R_s59Prkt3RVBTKKZ,5,4,4,2,2,0,3,1,60,1,3,0,3,0,11,0,0,MM
23,ABS,bp_short,1,1,"I feel that as a director, this person should take more responsibility for the liability of the hospital. Also, this person should be ensuring the safety of all patients and employees, therefore, this decision should be made prior to real-life practice.",193,R_sZu0voDHMe64cSd,1,1,5,1,2,0,3,1,32,0,3,0,3,0,3,0,0,MM
37,ABS,bp_short,2,1,I think it would be inappropriate because he is doing an experiment without patient consent which can lead to an infection in some of the patients.,230,R_2pYrhIa0luPaw1x,4,3,4,2,2,0,2,0,25,0,3,0,3,0,9,0,0,MM
39,ABS,bp_short,2,1,"If there's a way to reduce infection then everyone should be following that protocol, not putting innocent lives at risk to do an experiment.",106,R_2dRwpPwsO4z1eyT,4,3,4,2,2,0,3,1,34,1,3,0,6,1,9,0,0,MM
41,ABS,bp_short,3,0,I don't think it matters where they are printed,93,R_32MajlhCsQulNSi,1,1,5,1,2,0,3,1,32,0,4,1,3,0,3,0,0,MM
43,ABS,bp_short,3,0,I think it won't matter as doctors are smart and will remember regardless of the signs. It won't matter.,89,R_BEtDuJp9U4sGKhb,1,1,5,1,1,1,3,1,40,1,4,1,4,1,3,0,0,MM
45,ABS,bp_short,1,1,"Neither of these options will prevent or reduce infection. Just because you tell people what the safety standards are, if they don't follow it, it's pointless. People need training not I'd badges and posters.",264,R_ZJCvoGtQrVoRgeR,3,2,5,1,2,0,5,0,41,1,4,1,6,1,6,0,0,MM
49,ABS,bp_short,4,0,I think its innovative to try to see what is going to work best. Obviously has patients care at heart.,77,R_3HImgqFu1Ra4PwU,5,5,4,2,2,0,3,1,31,0,3,0,2,0,12,0,0,MM
64,ABS,bp_short,4,0,Good way to determine the best course to present the information.,179,R_233t0zPGivRENDe,5,5,4,2,1,1,2,0,30,0,3,0,4,1,12,0,0,MM
69,ABS,bp_short,3,0,I don't believe in human testing,119,R_3kcaRS5gQ8rnI9e,3,4,3,3,2,0,2,0,44,1,2,0,3,0,10,0,0,MM
80,ABS,bp_short,2,1,How is the doctor to see the safety precautions if they are on his shirt? I would trust the doctor more who had the precautions on the wall beside him where he can view them.,131,R_3jYX07TDqLZWJXW,4,1,5,1,2,0,3,1,29,0,3,0,3,0,6,0,0,MM
83,ABS,bp_short,3,0,Sometimes it is necessary to try methods to discover better ways of doing things,329,R_1DSBPq8FXudVzvc,3,3,4,2,1,1,2,0,74,1,2,0,2,0,8,0,0,MM
87,ABS,bp_short,4,0,"I think he has the right idea, but they would do this experiment in a different situation where lives are not at risk.",180,R_1ikVvKbLFzl6e5D,3,1,5,1,1,1,3,1,30,0,3,0,6,1,5,0,0,MM
89,ABS,bp_short,4,0,This will allow them to determine which is more effective.,85,R_2TLx4S67iDuvwKD,5,2,2,4,2,0,3,1,31,0,3,0,3,0,11,0,0,MM
90,ABS,bp_short,3,0,"The decision is not inappropriate, but will not reduce infections. A better procedure would be to require the doctor to complete a checklist.",207,R_b9MV4zPEEQn0UqR,1,1,5,1,1,1,3,1,68,1,6,1,1,0,3,0,0,MM
94,ABS,bp_short,2,1,He's using these unwilling people in an experiment to see which is more effective.,79,R_27IRCs9ml5cXdGJ,2,2,4,2,1,1,3,1,29,0,4,1,2,0,6,0,0,MM
95,ABS,bp_short,3,0,"The doctor is trying a new method to cut down on the infection. Both options include the same procedures with the same precautions. The only difference is where the precautions are printed. Patients are used without their knowledge all the time. This is neither right nor wrong, its reality.",429,R_w01eOK7WYrz3aqB,4,2,4,2,2,0,3,1,55,1,3,0,6,1,8,0,0,MM
101,ABS,bp_short,2,1,This is very unnecessary. I cannot see how this will help the patients in any way. The doctors area already knowledgeable about the procedure (at least they should be at this point) and they don't need this extra stress added to them.,150,R_3ehm7NpMJbqK2SY,5,4,4,2,1,1,3,1,31,0,4,1,2,0,11,0,0,MM
105,ABS,bp_short,4,0,To see the differencr between the group,941,R_2tLKltnDKoFxrGD,4,5,3,3,1,1,3,1,29,0,3,0,3,0,12,0,0,MM
108,ABS,bp_short,3,0,i would need more,51,R_2CVyrGMGo9B4ThI,5,4,4,2,2,0,3,1,26,0,4,1,4,1,11,0,0,MM
112,ABS,bp_short,2,1,I just don't understand how where the safety precautions are printed is relevant to the procedure or the well-being of the patient. To test his ideas he should have one group of patients be tested with his first idea to reduce infection and another group be tested with his second idea to reduce infection.,229,R_1Lb4JIfoToXik5j,3,2,4,2,2,0,3,1,19,0,3,0,2,0,7,0,0,MM
116,ABS,bp_short,1,1,Each patient should be treated equally,54,R_2yd3DXXzrWXxsJn,1,1,5,1,2,0,3,1,31,0,4,1,3,0,3,0,0,MM
118,ABS,bp_short,1,1,I would think a doctor should have either adequate knowledge or training of proper safety precautions and they should have the sole responsibility of advising patients of the risk.,1329,R_CeLZCWUUEBfTSk9,4,2,5,1,1,1,3,1,22,0,3,0,5,1,7,0,0,MM
119,ABS,bp_short,4,0,I guess he feels alot of infections are cause due to lack of correct procedures. Some people are more successful with instructions in their face.,477,R_3qW4lDlxuEjOmOH,4,4,4,2,2,0,2,0,30,0,3,0,2,0,10,0,0,MM
125,ABS,bp_short,5,0,I think it's fine. It gives the same info but the info is in a different location. I think the poster might be more noticeable though.,166,R_1QgPGNJm45izLyg,3,1,4,2,2,0,3,1,37,1,3,0,2,0,6,0,0,MM
128,ABS,bp_short,4,0,He's making an active decision to see what works and it doesn't directly effect the patient health because they're still at the same risk of infection.,106,R_DTd5CwIwn0ZZqhz,1,1,5,1,2,0,3,1,26,0,3,0,2,0,3,0,0,MM
134,ABS,bp_short,3,0,I believe both ways can be effective. At this point there's no way to know until afterwards to see which one is better,129,R_1OUCWIFUyTLBedT,1,1,5,1,1,1,4,0,30,0,4,1,3,0,3,0,0,MM
141,ABS,bp_short,5,0,Anything would help the understanding of this deadly infections so they can be stop or control is a good thing,217,R_3j0y2SNP9ebM6gn,4,3,4,2,1,1,3,1,65,1,2,0,1,0,9,0,0,MM
143,ABS,bp_short,2,1,"I think that the patient may be at risk by this experiment, which is why I chose this option.",75,R_AHcWUV7nyn3CE2l,1,1,5,1,1,1,4,0,19,0,3,0,6,1,3,0,0,MM
145,ABS,bp_short,2,1,"I feel ike the director shouldn't be experimenting with anyone's health. If they know both of these options work, provide both from the get go!",173,R_25GRaq3c2GeEWbM,1,1,5,1,2,0,3,1,33,0,3,0,4,1,3,0,0,MM
147,ABS,bp_short,1,1,I don't feel that changing where the information is made available will change the outcome of the number of being getting an infection.,117,R_2aCR2jcKo1OQFbd,4,5,4,2,2,0,2,0,33,0,4,1,1,0,11,0,0,MM
153,ABS,bp_short,3,0,I think they have access to the same information,54,R_0U4zLA3ktmWANTX,3,4,4,2,1,1,3,1,27,0,4,1,2,0,9,0,0,MM
155,ABS,bp_short,2,1,"I think it is inappropriate for the patients to be unwitting subjects to this experiment. While I don't see any particular problem with the experiment, the patients should be informed what is going on.",156,R_3mkOGU2vEgSnvKA,4,2,4,2,2,0,3,1,33,0,6,1,5,1,8,0,0,MM
158,ABS,bp_short,2,1,Because youre putting half of the people at risk of something they wouldn't get otherwise.,95,R_2dK3DjRasQwUsxx,2,4,4,2,1,1,2,0,23,0,3,0,2,0,8,0,0,MM
159,ABS,bp_short,4,0,I think that this decision will work as long as every dr knows what they are doing.,186,R_1BY1YLFMc1oAzDy,3,5,4,2,2,0,3,1,60,1,2,0,4,1,10,0,0,MM
163,ABS,bp_short,3,0,Doctors should pay attention to all rules whether they are posted or on the ID badge so I don't really see the difference,135,R_10qkRMXWuv3I1uj,3,2,5,1,2,0,3,1,32,0,4,1,5,1,6,0,0,MM
164,ABS,bp_short,3,0,"he's not really doing anything to harm others, but he's not really doing much to promote standard procedures. i guess this is a blind test, but it doesn't really seem all that scientific.",123,R_3Mu29RUKnTyZYmk,1,1,4,2,1,1,3_4_5,0,33,0,4,1,6,1,4,0,0,MM
168,ABS,bp_short,2,1,"He should not be running an experiment, as this is potentially dangerous. If it goes wrong, he could lead to people dying.",77,R_3D17YiyxtSSfxHu,1,1,5,1,1,1,4,0,20,0,3,0,6,1,3,0,0,MM
170,ABS,bp_short,4,0,"If there is a pretty clear way to reduce infections, particularly in such a serious issue, it should be unethical to deny such treatment/practices to patients.",103,R_1gBZPBlzyo175wv,5,2,4,2,1,1,3,1,28,0,4,1,4,1,9,0,0,MM
174,ABS,bp_short,1,1,There is no control group,53,R_1FsvbLbNgHeA8C2,4,2,5,1,2,0,3,1,22,0,4,1,2,0,7,0,0,MM
181,ABS,bp_short,2,1,He shouldn't be testing on random patients.,70,R_3L5zTQZk6EH8F9O,1,1,5,1,1,1,3,1,26,0,2,0,2,0,3,0,0,MM
184,ABS,bp_short,2,1,"I'm assuming the procedures Are Instructions for the doctor. So unless the patients have been informed, it seems unethical to perform this experiment. If the patients agree to. It then there shouldn't be a problem.",138,R_ZmfTTLsBi3idwmB,5,4,4,2,1,1,3,1,26,0,3,0,3,0,11,0,0,MM
185,ABS,bp_short,3,0,Both scenarios could lead to the doctor being more aware of the safety precautions. The doctor can easily access it on his ID Badge for the one group and the other can easily see it on the wall.,142,R_UL0santgh8NGoJb,1,1,4,2,1,1,3,1,18,0,1,0,6,1,4,0,0,MM
189,ABS,bp_short,5,0,Because either way they have access to the information immediately.,96,R_3I044Ti7qAwUExP,5,5,2,4,2,0,3,1,41,1,3,0,5,1,14,0,0,MM
194,ABS,bp_short,2,1,"He did not get the express permission of the people/patients involved to do this ""Experiment"" to see which precautions would work better I think. Perhaps there's another way to test if the poster or print on back method is better, that would NOT involve risk of infection of death.",188,R_9HtXFCYRoBLbT45,1,1,4,2,1,1,4,0,28,0,4,1,2,0,4,0,0,MM
208,ABS,bp_short,4,0,not controlled study - but interesting to find out results if patients know what to be ware of.,129,R_1EZOddw1raLeyno,1,1,5,1,2,0,3,1,42,1,6,1,1,0,3,0,0,MM
209,ABS,bp_short,2,1,It's a dangerous way to test his experiment. You can't experiment with people's lives.,61,R_32JF36dOl5a5pjw,3,4,3,3,1,1,3,1,31,0,4,1,5,1,10,0,0,MM
213,ABS,bp_short,2,1,Neither method is proven. It is highly likely that those with procedure on a badge never look at it.,121,R_ysaM3XebYJOmIyl,5,3,4,2,1,1,3,1,27,0,4,1,2,0,10,0,0,MM
217,ABS,bp_short,4,0,"It seems unfair to the patients to assign them randomly when such serious side effects could be involved, but both groups are being treated by doctors who have access to the safety precautions. I don't think how those precautions are accessed makes much difference.",135,R_3MifAr5WGMa15OV,1,3,4,2,2,0,3,1,33,0,6,1,3,0,6,0,0,MM
220,ABS,bp_short,2,1,There should be a standard set of procedures for both groups and they should be aware of the dangers of what they are doing and have it be understood by them. The half of the patients who get the doctor with the ID card might not like that and would rather be in the group with the precautions on the wall so they could read it themselves and vise versa. It would be inappropriate to have two sets of standard for different people.,182,R_1K9oIwJcBCQjR8O,5,2,5,1,1,1,2,0,31,0,2,0,1,0,8,0,0,MM
221,ABS,bp_short,3,0,I feel like if that is what they need to do then that is what it is. When there is so many people you have to make choices.,318,R_3Eiq2bJSIFMT3rS,1,1,5,1,1,1,3,1,23,0,3,0,2,0,3,0,0,MM
225,ABS,bp_short,1,1,It is very inappropriate because this is essentially human experimentation. This should be done under non-dangerous lab conditions rather than in the field.,89,R_2ymBHqTw1eA3x1f,1,1,5,1,1,1,3,1,24,0,6,1,1,0,3,0,0,MM
235,ABS,bp_short,4,0,"I think that people could rush through things and become lazy, having a poster would be a reminder of all that is to be done. I think the poster is the best idea, as it is a reminder for everyone. I think it would be easy for a Dr. to not bother looking at the back of his ID badge for a refresher, plus that might make a patient lose confidence in him, this is why I chose ""somewhat appropriate"", I don't think the ID badge is the best place to list the precautions.",191,R_2TTtyHZSxP0YCBA,2,2,5,1,2,0,3,1,48,1,3,0,6,1,5,0,0,MM
236,ABS,bp_short,1,1,"Running a test on someone without their consent isn't okay, even if nobody is getting worse care than they originally did.",96,R_30dV7mZM88lOk5X,5,2,4,2,1,1,3,1,35,1,4,1,3,0,9,0,0,MM
237,ABS,bp_short,4,0,"As long as the procedures gets displayed and they are not putting more difficulty in themselves, it would be appropriate, the experiment seems fair with the random method implied.",182,R_3GjhLvd8MRns9jd,4,4,5,1,1,1,4,0,30,0,6,1,3,0,9,0,0,MM
238,ABS,bp_short,5,0,Great way to find out what works best or if there's any difference.,71,R_aWxAMGGnVBhfIJ3,4,2,5,1,2,0,3,1,45,1,4,1,3,0,7,0,0,MM
242,ABS,bp_short,2,1,It subjects non consenting patients to tests that could put their health in serious danger.,187,R_2THm10Cd4lexJsr,1,1,5,1,2,0,3,1,24,0,4,1,3,0,3,0,0,MM
244,ABS,bp_short,3,0,I am not sure. It might save lives.,64,R_ABBFgcdOeXYQQpP,5,5,1,5,1,1,1,0,27,0,3,0,1,0,15,0,0,MM
261,ABS,bp_short,3,0,"I think as long as the doctor isn't doing anything to intentionally harm his patients, it's fine. I would also think the patients know what they're getting themselves into.",172,R_10HhfzqZ9y3VI5u,4,5,2,4,1,1,2,0,29,0,3,0,2,0,13,0,0,MM
262,ABS,bp_short,4,0,The ID badges could be contaminated as they go into different wards of the hospital.,87,R_1hAUg5Nb1WN3FXQ,2,1,5,1,1,1,3,1,24,0,4,1,2,0,4,0,0,MM
273,ABS,bp_short,1,1,The story doesn't mention anything about the patients giving consent to the experiment.,93,R_8uC4xz72ICrUkZb,4,4,4,2,2,0,3,1,27,0,6,1,2,0,10,0,0,MM
274,ABS,bp_short,3,0,The director's decision is supposed to be about how to reduce the infections. Not sure where the safety precautions are locate has to do with the process.,241,R_1mezrIP79fDq3L6,3,3,5,1,2,0,1,0,51,1,6,1,4,1,7,0,0,MM
276,ABS,bp_short,3,0,"There is not really enough information to determine the appropriateness. Have the doctors gone through any training prior to this experiment, does the badge remove easily for reference, how big is the poster?",161,R_3Ma20Z5vcE8Ycvy,5,5,4,2,2,0,3,1,49,1,4,1,3,0,12,0,0,MM
284,ABS,bp_short,2,1,I don't know how comfortable I am with this director using patients in potentially life-threatening situations as fodder for an experiment. I'm also not sure what he's trying to accomplish with said experiment.,195,R_3me1NLepAKgbUY3,3,1,5,1,2,0,3,1,37,1,3,0,3,0,5,0,0,MM
293,ABS,bp_short,5,0,It is appropriate because the director is trying to reduce infections by reminding people who are already trained in precautions by experimenting on which - if either would be effective.,221,R_2wityTBJiBbGtkX,3,2,5,1,2,0,3,1,53,1,3,0,3,0,6,0,0,MM
299,ABS,bp_short,3,0,"At first I thought this would put patients at greater risk of infection if they got a doctor that didn't check the precautions on the wall or on the ID, or if one is less effective. However a patient would be at risk of that anyway if their doctor didn't know the precautions or bother checking them.",156,R_rpWZEWQRhb3GHqp,3,2,5,1,2,0,3,1,23,0,3,0,2,0,6,0,0,MM
303,ABS,bp_short,4,0,The precautions are listed but not everyone will look at the doctors id badge,104,R_sStfZnj66LwL74l,5,4,4,2,2,0,3,1,28,0,4,1,2,0,11,0,0,MM
307,ABS,bp_short,4,0,The doctor doesn't seem to be taking any risks. His/Her experiment could potentially offer insight that would help future patients.,94,R_2q1Un7d4Jmk1n1u,1,1,5,1,2,0,3,1,30,0,4,1,1,0,3,0,0,MM
308,ABS,bp_short,4,0,Seems like a reasonable precaution to ensure that doctors follow the safety procedures. But they need to take into account how thorough and knowledgeable the doctors were to begin with.,368,R_3Dop5kPTw5N1EEU,1,1,5,1,1,1,4,0,44,1,4,1,1,0,3,0,0,MM
312,ABS,bp_short,5,0,All involved have access to the same information. There is no danger to the patient.,143,R_PZ21xrsEzf3aFZD,4,4,3,3,2,0,2_3,0,32,0,6,1,5,1,11,0,0,MM
314,ABS,bp_short,2,1,I don't think any of the conditions will change the outcome.,106,R_eCE9CQwiSnioAbn,3,4,4,2,1,1,4,0,30,0,4,1,3,0,9,0,0,MM
321,ABS,bp_short,5,0,"Assuming that the Doctor's are already highly trained in how to prevent infection, this is an appropriate way of testing which method, if either, would better help remind the Doctor's of the safety precautions.",385,R_1Q4IU4HsNsIQJGZ,5,3,4,2,2,0,3,1,38,1,2,0,3,0,10,0,0,MM
324,ABS,bp_short,1,1,I think it's slightly innapropiate to makes experiments at patient's expense.,188,R_72SHYavmOHjcGYN,4,1,5,1,1,1,2,0,38,1,3,0,2,0,6,0,0,MM
329,ABS,bp_short,4,0,173.239.228.96,167,R_3L6KNY4ACVS5W6W,5,2,5,1,1,1,1,0,35,1,3,0,3,0,8,0,0,MM
332,ABS,bp_short,5,0,A doctor should already know the precautions but it certainly doesn't hurt to have them available during the procedure. It would be unethical to have one group assigned to a doctor that hadn't been trained in the precautions or something like that. But this is just a way to try to see if having the precautions as a poster or on a badge will help more. Nothing about this is directly putting patient's in harm's way.,178,R_31aQjOvlRHNgv0K,1,1,5,1,2,0,3,1,33,0,3,0,1,0,3,0,0,MM
335,ABS,bp_short,3,0,I chose this option because I really wasn't sure whether or not the project was a good idea.,157,R_3PLjrWHLIz8lUsY,1,1,5,1,1,1,3,1,27,0,3,0,1,0,3,0,0,MM
336,ABS,bp_short,2,1,this doesn't seem like a good idea to have half the people treated by someone not as up to speed with latest precautions.,106,R_3J4TTAlshPYB2Li,4,2,4,2,1,1,3,1,31,0,6,1,6,1,8,0,0,MM
347,ABS,bp_short,1,1,The patients' decisions of whether or not they want to participate in these experiments is not part of the equation.,284,R_2QJMLBRNlaavWb1,2,2,5,1,1,1,3,1,46,1,2,0,1,0,5,0,0,MM
358,ABS,bp_short,2,1,"I would not want the procedures for a form of treatment that I am about undergo to be posted on a wall where I can read them. I don't mind for them to be told to me, but I don't want them where I can read them.",144,R_ahJDYbnZaAR8qKR,1,1,4,2,1,1,5,0,28,0,3,0,2,0,4,0,0,MM
360,ABS,bp_short,1,1,"There was no informed consent obtained by the patients, or mention of this study being approved by an IRB. Patients have the right to choose to be a part of a study, even if they do not know which group/panel they will be in.",135,R_2Tpbod2hboNa0qs,5,3,4,2,2,0,3,1,38,1,6,1,4,1,10,0,0,MM
363,ABS,bp_short,2,1,"He is still risking one group's safety with the experiment. As a hospital director, this should not be something he tries himself and she be done by scientists and researchers instead.",131,R_2WIL44CzhDgejFp,3,4,4,2,1,1,3,1,43,1,3,0,1,0,9,0,0,MM
367,ABS,bp_short,1,1,Hospitals should not experiment on their patients. Research should b conducted via studies with willing participants.,204,R_30jKAWFLRLpUrih,1,1,5,1,1,1,3,1,28,0,3,0,2,0,3,0,0,MM
369,ABS,bp_short,5,0,I think it's appropriate because the conditions of the test are varied enough to give good data. It's not a terrible risk for patients since the infections are already occurring and this might give an insight into how best to minimize this.,212,R_1nOdOb51CUZiE4Z,1,2,5,1,1,1,3,1,53,1,3,0,2,0,4,0,0,MM
372,ABS,bp_short,4,0,I think it is important to do studies like this on the population. This is the only way to test in real world situations what method is better for informing patients about aftercare.,120,R_dj5OS05dXID5rZn,1,1,5,1,2,0,3,1,31,0,3,0,4,1,3,0,0,MM
373,ABS,bp_short,1,1,A hospital should not perform experiments on unknowing patients. Patients should have the rights to completely understand the situation so they can decide themselves.,184,R_2PzKK9PgRnRUD5h,3,3,3,3,1,1,2,0,40,1,4,1,5,1,9,0,0,MM
375,ABS,bp_short,1,1,There is no control group.,117,R_1FCUG2IcOqbolV6,1,2,5,1,2,0,3,1,25,0,4,1,5,1,4,0,0,MM
382,ABS,bp_short,2,1,I think it is inappropriate because he's experimenting on people's health and life. There is no mention of whether the patients have given their consent for the experiment.,147,R_2duU69mNL3QzU3g,4,1,4,2,2,0,1_2,0,25,0,5,1,1,0,7,0,0,MM
384,ABS,bp_short,2,1,it doesn't seem right that patients would be randomly assigned. i feel they should have a choice in their own treatment.,74,R_2xzVkB4WFFrz6qq,5,3,4,2,2,0,3,1,32,0,4,1,1,0,10,0,0,MM
33,ABS,bp_short,4,0,"I think it's a good idea to have a poster listing the precautions on the wall, to warn patients. I would like all patients to get a understanding of the risks though, verbally most preferably.",129,R_2s5OF5Uv3ESYzTc,1,2,4,2,1,1,3,1,21,0,3,0,2,0,5,0,1,MM
34,ABS,bp_short,2,1,I feel it's somewhat inappropriate because the people just looking at the poster won't have access to the same care as everyone else.,110,R_12EcnVYooQHPknE,4,4,2,4,1,1,3,1,33,0,3,0,2,0,12,0,1,MM
65,ABS,bp_short,1,1,"Every patient is entitled to exactly the same rights to view the safety precautions, especially because it could be deadly. The patient should decide if they want to risk death.",391,R_2ZP4XFBY0JqVAlT,3,3,5,1,2,0,1,0,58,1,3,0,4,1,7,0,1,MM
117,ABS,bp_short,3,0,"This seems to be testing a placebo effect, where if the patient knows there is a possible risk of infection, the overall number of infections may rise.",949,R_1EjucopSIidEWwC,5,4,3,3,1,1,2,0,32,0,2,0,2,0,12,0,1,MM
135,ABS,bp_short,4,0,I think that's somewhat appropriate because patients receiving the treatment should have access to the precautions. Patients should have full information as far as what's happening to them.,187,R_2EbFcSPHCnrt3IT,5,3,3,3,2,0,3,1,28,0,6,1,6,1,11,0,1,MM
245,ABS,bp_short,2,1,he is basically treating people like lab rats which is not fair at all.Instead of showing people the safety measures he just gives one a poster while the others get a doctor.,98,R_vdEUghB03fBkZnX,3,2,4,2,1,1,3,1,28,0,3,0,2,0,7,0,1,MM
249,ABS,bp_short,4,0,I think it will be an interesting experiment. It will show whether having the precautions readily at hand on the badge will sway a doctor's decision to perform the procedure.,125,R_eL41oWYuyqrAMEh,3,4,4,2,2,0,3,1,35,1,5,1,2,0,9,0,1,MM
298,ABS,bp_short,4,0,It helps patients be more aware of the procedures that will take place. This will ensure that they understand what will be done.,241,R_3eqwZizIyfmsno3,4,3,4,2,1,1,1_3_5,0,26,0,2,0,1,0,9,0,1,MM
311,ABS,bp_short,2,1,"I think the poster is the only logical option in this situation because the patients who see the doctor with the ID badge may not receive the necessary information, whereas the poster group will see it almost immediately upon checking into their room.",220,R_3hDVXHL3VckPJ5i,4,4,4,2,1,1,3,1,33,0,4,1,3,0,10,0,1,MM
343,ABS,bp_short,4,0,I've had picc lines and mid lines before and I know all the risks. I think it is important to educate people about the risks and the director is trying to figure out the best way to do this.,74,R_0GI5ogHosSBaueR,1,1,5,1,2,0,3,1,33,0,6,1,6,1,3,0,1,MM
4,xB,poster,5,0,It's a simple solution that makes doctors more cognizant of conseq of their actions,71,R_2CD2E2TZt4Pn93R,4,2,4,2,2,0,3,1,24,0,5,1,1,0,8,0,0,MM
15,xB,poster,5,0,The posters would serve as a reminder/check list for medical staff and the patient can be proactive in their care by paying attention to whether or not the procedures were followed.,139,R_ST8EdYLB4HWCLsZ,4,1,4,2,2,0,3,1,50,1,4,1,1,0,7,0,0,MM
17,xB,poster,5,0,It's very appropriate because this will remind the doctors of the safety precautions. This will also show the patients that the doctors take safety very seriously.,103,R_d4CUqHsYkriC46Z,1,1,5,1,2,0,3,1,33,0,4,1,4,1,3,0,0,MM
18,xB,poster,2,1,I don't want to think about what could go wrong moments before I have to have it done. It's last minute and would make me fearful.,105,R_3KoQnAqPD1mxVdV,5,3,5,1,1,1,1,0,25,0,4,1,2,0,9,0,0,MM
19,xB,poster,5,0,"I think it's important for the doctor to be constantly reminded of safe practices, along with the patient to be aware of the safe practices to know when to speak up if they are not being followed.",116,R_3QSEp4xydA2bNqH,2,2,4,2,1,1,3_4,0,29,0,4,1,6,1,6,0,0,MM
30,xB,poster,5,0,A reminder is beneficial to the staff and informative for the patient.,140,R_5njE3mpPvV1KlSF,3,3,5,1,1,1,3,1,35,1,5,1,4,1,7,0,0,MM
40,xB,poster,4,0,"If there is not a better way of doing this procedure, then I think it will help for all staff to have reminders on the wall of how to do it in the most safe way possible.",85,R_w0EBWwy4yqqtG6Z,2,1,5,1,2,0,3,1,26,0,6,1,2,0,4,0,0,MM
42,xB,poster,4,0,Seems like a good thing to do. SHows what needs to be done,178,R_1i8PCVsVmtrZhzv,5,4,2,4,1,1,1,0,38,1,4,1,3,0,13,0,0,MM
46,xB,poster,5,0,The number of infections will be reduced so it is appropriate.,53,R_27gsnrC38wJPF3V,4,3,3,3,1,1,3,1,23,0,4,1,1,0,10,0,0,MM
55,xB,poster,3,0,"Because if a patient saw that they could get anxious and wonder why it's there. Are the doctors not trained enough to complete the procedure without additional guidance? At the same time, you can't realistically expect all people to be able to retain all information they ever learn. It seems somewhat reasonable that the doctors have a guide just in case, and it could definitely prevent infections if they have a list readily available.",173,R_1Eh7YScwVFHBRTu,2,1,3,3,1,1,3,1,22,0,2,0,2,0,6,0,0,MM
61,xB,poster,4,0,"There are always risks of infections and problems after medical procedures, and showing them to others in the room can both show what may happen if an issue should occur. It may also have negative effects, like increased stress and worrying during or before a procedure if this is shown to the patient.",242,R_4O3zbqsdaTuIiTn,5,3,4,2,1,1,3,1,29,0,3,0,2,0,10,0,0,MM
62,xB,poster,4,0,I think it might reduce infections and is a good reminder to all.,205,R_2v0JmP0WaEYRSxY,5,3,3,3,2,0,3,1,60,1,3,0,1,0,11,0,0,MM
63,xB,poster,5,0,I think it is a very proactive step. It seems very logical.,108,R_2WYwOXMTUSNETZ4,1,1,5,1,2,0,3,1,26,0,3,0,2,0,3,0,0,MM
70,xB,poster,5,0,The hospital director is taking a step in trying to reduce deadly infections. The posted list serves as a reminder to the people of precautions to take which is not a bad thing.,151,R_265W9nkC7j9blVy,5,2,3,3,2,0,2,0,44,1,4,1,3,0,10,0,0,MM
73,xB,poster,4,0,That is scary that you can get a deadly infection from this.,60,R_12zjs7TItQSjG6e,5,3,4,2,1,1,3,1,23,0,3,0,4,1,10,0,0,MM
74,xB,poster,4,0,Its appropriate because the poster will help people remember how to avoid infection.,96,R_3RvECckZYRA98eJ,1,1,5,1,1,1,2,0,22,0,3,0,6,1,3,0,0,MM
76,xB,poster,5,0,It'll help make sure no steps get forgotten by the people doing the procedure,61,R_DV05SDP96ROpoxX,1,3,5,1,2,0,3,1,23,0,2,0,3,0,5,0,0,MM
92,xB,poster,5,0,"The decision sounds like a very wise one, and one that will help to prevent infections. If this doctor has an idea like this that is intended to help to remind medical personnel to use proper procedures which will help to reduce infections which may lead to death, why wouldn't it be a good idea and very appropriate?",269,R_78oMf6LvGbgCMpj,5,5,4,2,1,1,3,1,43,1,4,1,3,0,12,0,0,MM
102,xB,poster,5,0,This is completely reasonable. If it leads to less infections and only requires specific rooms and a list of safety precautions it is a very wise decision.,141,R_1DHgtQ6IYg8zzdJ,3,3,4,2,1,1,3,1,36,1,3,0,4,1,8,0,0,MM
104,xB,poster,5,0,I don't think it does any harm and having the poster in every procedure room means that the doctors performing the procedure will certainly remember the guidelines and have absolutely no excuse for not following them.,276,R_2c56hRHMSJcibH4,1,1,5,1,1,1,1_3,0,29,0,3,0,3,0,3,0,0,MM
107,xB,poster,5,0,"I think it is helpful because even though there's ""common sense"" with safety precautions. There still should be a list to help out surgeons anyway.",109,R_3KBfUSptkrJPRTQ,1,1,5,1,2,0,4,0,29,0,4,1,1,0,3,0,0,MM
111,xB,poster,2,1,People will stop getting treatment all together. They will be nervous about the procedures they might need.,1172,R_2ttcVrXCdFaZ3wD,4,2,4,2,2,0,3,1,37,1,4,1,2,0,8,0,0,MM
113,xB,poster,2,1,I think it will add to the patient's discomfort and worry.,179,R_2dAbXeXtAdSdOzB,5,4,2,4,2,0,3,1,33,0,3,0,2,0,13,0,0,MM
121,xB,poster,5,0,I think that it would be very helpful to have a poster that lists the standard safety procedures. I think it would help stave off infections and inappropriate procedures.,180,R_27s4TwamN1cbDuW,4,2,5,1,2,0,3_4,0,42,1,4,1,3,0,7,0,0,MM
127,xB,poster,4,0,It helps the doctor complete there job.,67,R_3VMs0rK2WZ4NE4x,3,2,5,1,1,1,3,1,34,1,6,1,6,1,6,0,0,MM
129,xB,poster,5,0,"this is appropriate, because it would reduce infections",67,R_2Xd30OJAjkdLqEQ,3,4,4,2,1,1,4,0,20,0,3,0,6,1,9,0,0,MM
133,xB,poster,4,0,It seems that it would make those performing the procedure more accountable.,128,R_2pVUQHJim30pLEo,2,2,5,1,1,1,3,1,48,1,3,0,3,0,5,0,0,MM
138,xB,poster,5,0,People should be informed of risks and what the staff should be doing to avoid issues.,93,R_2ziLLyqfnj93avZ,1,1,5,1,2,0,3,1,52,1,4,1,6,1,3,0,0,MM
142,xB,poster,5,0,It is good because it will remind any performing the procedure to follow the guidelines.,63,R_3e4wIDKiYSpTTfJ,5,3,4,2,1,1,3,1,32,0,4,1,3,0,10,0,0,MM
149,xB,poster,3,0,"I think it is neither because it is most likely to be ineffective. Also, it should be targeted to those doing the procedure specifically.",132,R_1PZBbi8dsTKzlH0,1,1,5,1,1,1,3,1,40,1,6,1,6,1,3,0,0,MM
154,xB,poster,4,0,THERE IS NOTHING WRONG WITH WORK REMINDERS ESPECIALLY WITH MEDICAL TREATMENTS LIKE THIS. AS LONG AS IT IS NOT VISUAL TO PATIENTS IT IS OK IMO.,102,R_1JWTuw17AzsYVAL,5,4,4,2,1,1,4,0,55,1,5,1,4,1,11,0,0,MM
156,xB,poster,5,0,This is important so patients know they are being treated by a standard that will reduce the possibility of them receiving an infection. It also shows the hospitals commitment to keep patients safe and reducing the amount of infections to as low as possible.,120,R_5axmCfuZ8ynFn6p,5,3,4,2,2,0,2_3,0,26,0,4,1,2,0,10,0,0,MM
160,xB,poster,5,0,If they know what to look out for and how to treat it they are better off so they dont get a infection.,74,R_3EyVyovF0asZAhT,3,4,4,2,2,0,3,1,43,1,2,0,3,0,9,0,0,MM
162,xB,poster,5,0,"This makes perfect sense. A reminder will not hurt anyone and has the potential to help save lives. He could have gone even further and put it in every room in the hospital, but this is a good step.",387,R_1In6tRN9xrDPbYO,4,1,5,1,1,1,3,1,34,1,4,1,5,1,6,0,0,MM
169,xB,poster,5,0,This form of lateral encouragement to be safe is very effective. The poster reinforces the proper procedure and confirms its high priority.,195,R_2cq1a4iXQOorM22,5,5,3,3,1,1,1_3,0,25,0,3,0,2,0,13,0,0,MM
172,xB,poster,5,0,"The procedure will always be risky. However, the doctor is taking the necessary precautions to help make the procedure safer across the board.",76,R_1cYXMJV0aofXWmV,5,3,4,2,1,1,5,0,24,0,4,1,3,0,10,0,0,MM
175,xB,poster,5,0,I think anything that can help save lives and prevent infection is good. The director just seemed to be proactive in how he approached the situation.,75,R_z2sI6lphtmwq4tb,4,4,3,3,1,1,3,1,33,0,6,1,4,1,11,0,0,MM
177,xB,poster,4,0,"It seems like something worth trying, and won't hurt, but I am skeptical that it will make a real difference.",80,R_C48VYOyzf489Yml,1,2,4,2,1,1,3,1,38,1,6,1,4,1,5,0,0,MM
178,xB,poster,5,0,It seems like this may be a reminder to doctors of what the correct procedure is and may help the problem. It may also provide more information to patients.,80,R_XTX3n3CNgnXgOIh,1,1,5,1,2,0,3,1,30,0,4,1,3,0,3,0,0,MM
190,xB,poster,4,0,I chose this option because I think hanging the posters in the rooms benefits the doctors. The procedure itself is one that needs reminding that it can be dangerous if not performed correctly.,98,R_BxkaP5pV5g4CUnf,3,3,4,2,1,1,3,1,26,0,2,0,4,1,8,0,0,MM
195,xB,poster,4,0,It reminds all individuals on how to take necessarily precautions to prevent infections.,229,R_33kV1RAQMHL2rxQ,4,4,3,3,2,0,3,1,22,0,5,1,6,1,11,0,0,MM
198,xB,poster,4,0,It's something that might be required for a procedure.,59,R_z9hbZqe2elOIsCd,3,2,3,3,1,1,4,0,31,0,4,1,3,0,8,0,0,MM
205,xB,poster,5,0,It is the right thing to do to let everyone know what all the risks are for this medical procedure. I like this idea.,101,R_2qyfvchvvWPwRaW,1,1,5,1,1,1,3,1,26,0,3,0,1,0,3,0,0,MM
211,xB,poster,5,0,There is no risk and only benefit to doing the above action. It is a non intrusive way to remind doctors and patients that the procedure can result in problems if safety precautions are not taken.,123,R_22wPLg2cIe3uutn,3,4,4,2,2,0,3,1,42,1,6,1,4,1,9,0,0,MM
212,xB,poster,5,0,I thinj the patients have the right to know about the correct protocol for their procedure. It may also help remind the health care providers to be more dilife nt and can remind them.,96,R_1QfKFpsZLbAMr2i,3,2,4,2,1,1,3,1,31,0,6,1,3,0,7,0,0,MM
216,xB,poster,4,0,"It couldn't hurt. I'm not entirely convinced it's necessary, though.",82,R_2tMtv996e2r7LBM,1,1,5,1,1,1,3,1,30,0,2,0,1,0,3,0,0,MM
229,xB,poster,5,0,The posters are a reminder of the safety precautions needed in order to safely perform the procedure. I would feel better as a patient knowing these reminders are around.,101,R_2vYdoH6uNfm7keA,4,2,5,1,1,1,3,1,32,0,4,1,1,0,7,0,0,MM
234,xB,poster,5,0,I mean it's like putting 'Must Wash Hands Before Returning To Work' in the bathroom of a commercial restaurant.,68,R_pASmGGDoADERxZf,1,1,5,1,1,1,3,1,34,1,6,1,1,0,3,0,0,MM
239,xB,poster,4,0,It's a good step towards preventing these infections but I think there are better ways to do things and more to be done.,181,R_28HBuvGilfQ783d,4,3,4,2,2,0,3,1,25,0,3,0,2,0,9,0,0,MM
246,xB,poster,5,0,It gives Doctor's a reference while they do the procedure. That quick memory refresher may save thousands of lives.,137,R_Zfdrvc7tg8EKZs5,3,1,5,1,1,1,4,0,20,0,3,0,3,0,5,0,0,MM
248,xB,poster,4,0,"I believe that there is some inappropriateness to this, in the sense that it can be seen as rude and passive aggressive. However, it is being done to reduce the rate of infection (and therefore potential death), so the benefits far outweigh the potential downsides. So while it might be socially inappropriate to a degree, it would arguably be more inappropriate to refrain from doing that, since the safety of the patient is the most important thing.",306,R_bPAHwKsPOAxZsdj,2,1,5,1,1,1,3,1,25,0,2,0,1,0,4,0,0,MM
256,xB,poster,4,0,Just in case the doctor is doing something he shouldn't be the patient can stop him. Everyone needs to be refreshed on what to do from time to time.,192,R_3qmyVVH5Ok2j0b0,5,4,4,2,2,0,1,0,45,1,3,0,2,0,11,0,0,MM
259,xB,poster,4,0,It makes patients more aware of risks and how to prevent the risk of infection. They can pay attention to staff to make sure that they are following proper protocol.,105,R_ZrQ9ODCYWpXoTtv,1,1,4,2,2,0,3,1,34,1,5,1,2,0,4,0,0,MM
263,xB,poster,5,0,this serves as a reminder to all personnel. there are certain procedures that maximize success.,73,R_eYjA0K4K41akbpT,1,1,5,1,1,1,3,1,65,1,6,1,2,0,3,0,0,MM
264,xB,poster,2,1,There should be other viable methods of doing this procedure without the side effects.,242,R_1psoIoBouAaaGUy,2,1,2,4,2,0,3,1,22,0,3,0,6,1,7,0,0,MM
268,xB,poster,5,0,This perhaps would lead to less infections because safety procedures would be followed. The patient might also be more aware of the risks.,279,R_1NFbiYczbqqWJRv,4,2,4,2,1,1,3,1,26,0,3,0,3,0,8,0,0,MM
269,xB,poster,4,0,"The doctor is trying to help reduce infections, so his intentions are good. I am not sure how appropriate the posters are as I have no idea what they look like or what words or pictures are on them. I chose somewhat appropriate because I can't make an informed decision without seeing the poster first.",196,R_2Se19bHVjscHQis,2,1,5,1,1,1,3,1,51,1,3,0,3,0,4,0,0,MM
272,xB,poster,4,0,It might remind the doctor of the safety precaution to prevent infections but some might ignore it.,182,R_di289kRVe4wn7qx,5,2,5,1,1,1,4,0,33,0,4,1,2,0,8,0,0,MM
278,xB,poster,3,0,"Hanging a poster on the wall doesn't make a room, or the equipment used in it, more sterile, and it is no substitute for an ongoing program of training, awareness and improvement.",1120,R_aVtNCyBDS4N3O0h,3,2,4,2,1,1,3,1,50,1,5,1,6,1,7,0,0,MM
283,xB,poster,5,0,IVs are common place in hospitals and it is important to reinforce safety precautions for this procedure. I think it would be very appropriate to have a poster on the wall for procedure rooms.,138,R_7PzTZcaEklvtIxX,1,1,4,2,2,0,4,0,31,0,4,1,1,0,4,0,0,MM
289,xB,poster,4,0,I chose this one because I think it will be better to reassure the patients he knows what he's doing.,290,R_1puphsQVDaBYtdA,2,1,4,2,1,1,3,1,29,0,4,1,4,1,5,0,0,MM
296,xB,poster,4,0,This is a good reminder to let people know about the risks. Its forward thinking and an excellent reminder,97,R_tVOLCtiieYk9SLv,4,2,3,3,1,1,3,1,42,1,3,0,3,0,9,0,0,MM
297,xB,poster,5,0,it's good to have procedures posted to do good work,63,R_3CNL7zS8aGT88dt,1,1,5,1,2,0,1,0,44,1,6,1,6,1,3,0,0,MM
300,xB,poster,4,0,"I think the workers doing the procedure would benefit from a constant reminder of the correct way to do it. By seeing the example on the wall, they will always have it in their mind that they need to do it the right way.",144,R_2WOMqXmIG5Mnym9,1,1,5,1,2,0,3,1,49,1,3,0,4,1,3,0,0,MM
315,xB,poster,5,0,"It is a potentially dangerous procedure, so no precaution would be too great to save lives and money for the hospital. It would be good to have the poster in the rooms, so that medical personnel remember to show care each time they perform the procedure.",147,R_ylRFKyBhyTkYL8B,2,1,4,2,1,1,3,1,32,0,4,1,2,0,5,0,0,MM
317,xB,poster,5,0,"It is the doctor's responsibility to ensure staff know how to properly perform the procedure in order to reduce disease and infection. The doctor has discretion in determining how to reduce disease and unless his action will cause harm in another way then it should be followed. Hanging a poster makes staff members performing the procedure more aware, but doesn't cause harm, so it is very appropriate.",195,R_23dztxiff1R8RVH,2,1,5,1,2,0,3,1,25,0,5,1,2,0,4,0,0,MM
328,xB,poster,5,0,It is a nice gesture to cut down on infections. I don't see any problem with it.,59,R_3EcKJU5POPzDZdW,1,1,5,1,1,1,3,1,27,0,2,0,2,0,3,0,0,MM
330,xB,poster,5,0,its an appropriate step. there could be better ones but it is a good one. seeing constant reminders of procedure is always good.,161,R_29bT3bRXBzFAgEA,1,1,5,1,1,1,3,1,41,1,3,0,6,1,3,0,0,MM
331,xB,poster,5,0,It is a way to help infrections and acts as a reminder for medical personal,105,R_vktcDk5kvVzPlQJ,5,1,5,1,2,0,3,1,32,0,5,1,3,0,7,0,0,MM
338,xB,poster,2,1,It would be alarming for a patient to see warnings about how dangerous her upcoming procedure was.,97,R_1DzENuCCyWm9kVj,1,1,5,1,2,0,3,1,23,0,4,1,1,0,3,0,0,MM
339,xB,poster,4,0,"As a director, he is ensuring that his employees follow the proper procedures and giving customers full knowledge of the possibility of infection.",150,R_AvUZhqcyQWNOfMR,5,1,5,1,1,1,2,0,28,0,4,1,4,1,7,0,0,MM
349,xB,poster,4,0,I think it's good for patient and caregiver it will make the doctor be more careful and also make the patient more aware if doctor is following procedure.,226,R_shBpOfkZh5UzFK1,5,4,3,3,1,1,1,0,57,1,3,0,4,1,12,0,0,MM
351,xB,poster,5,0,Patients and providers should be educated on the proper procedures. It may help the providers to be reminded by the posters.,92,R_Uo17XaALZYQdO1P,4,1,4,2,2,0,3,1,42,1,6,1,5,1,7,0,0,MM
352,xB,poster,5,0,Since it is in good intention to help people not get infections.,55,R_1NsJiXrlDHMmEAP,5,1,5,1,1,1,4,0,29,0,4,1,5,1,7,0,0,MM
353,xB,poster,5,0,This is because any measure that makes it less possible for these infections is very appropriate.,80,R_1i3s9gGDh6Z48hn,4,4,4,2,2,0,3,1,26,0,3,0,2,0,10,0,0,MM
364,xB,poster,4,0,"It serves as a reminder to those administering the tubes. It may not be the most effective method, but it wouldn't hurt.",71,R_2E67tIv8Q9WD4Ed,2,2,4,2,2,0,3,1,25,0,6,1,4,1,6,0,0,MM
370,xB,poster,4,0,The hospital director wants to inform patients about the possible side effects of inserting a plastic tube into a large vein. This should lead to a patient better understanding of the risks and rewards for this treatment.,256,R_2157X1uchoMLL8K,1,1,5,1,1,1,1,0,39,1,4,1,3,0,3,0,0,MM
371,xB,poster,5,0,Patients and providers should be made aware of all pertinent safety precautions of procedures they are undergoing. It is the responsible and ethical thing to do.,175,R_ywkGbPhK3I3gAV3,3,4,4,2,1,1,4,0,43,1,4,1,6,1,9,0,0,MM
29,xB,poster,1,1,i think any ideas to tell more people of the deadly infections is a good thing.,144,R_3EouMXr3A31ahZH,5,5,2,4,2,0,3,1,22,0,3,0,4,1,14,0,1,MM
32,xB,poster,4,0,"I think patients should know the risks. The only downfall is they might be more anxious with knowing as well, but they need to know so they can be aware.",133,R_1o2bWXVMgiNTkJX,5,5,3,3,2,0,2,0,35,1,4,1,4,1,13,0,1,MM
53,xB,poster,4,0,"I think it's fair for patients to understand the risks of the procedure. This may lead to them making poor choices about having the tube inserted, but that is their choice.",94,R_1OIipTNjXbdK12Q,3,1,5,1,1,1,3,1,36,1,6,1,2,0,5,0,1,MM
75,xB,poster,2,1,"I don't think hospitals should be relying on posters to inform patients about safety precautions they should be taking. If it is that important for the patients to know this information, then make them read about it and sign it to confirm that they have. It would probably be even better to have the doctor or a nurse explain this information to a patient and they can judge whether the patient was paying attention/understood it. A poster doesn't seem to be doing enough in my estimation.",331,R_OriNFeUB6mSEBKV,1,1,5,1,1,1,3,1,30,0,4,1,2,0,3,0,1,MM
88,xB,poster,4,0,I feel people should know the risks but I also feel some will be more scared of the risks versus the possible outcome of not receiving this life saving procedure. This might scare patients and they may refuse treatment that could save them . People don't always realize what is best for them.,127,R_1eVvtBdxYTO9S9A,1,1,4,2,2,0,3,1,34,1,4,1,3,0,4,0,1,MM
98,xB,poster,5,0,It's always right to let people know the risks.,77,R_3PHVjYQ00WsbQJL,3,1,5,1,1,1,4,0,28,0,4,1,3,0,5,0,1,MM
123,xB,poster,5,0,"I think the doctor should explain the risks involved, but it's good to have it up as a secondary way for patients to understand the risks. You can't have too much knowledge.",141,R_3Jg8xkXjhQ0orZW,4,3,4,2,1,1,3,1,39,1,2,0,5,1,9,0,1,MM
144,xB,poster,3,0,It is what it is,32,R_WlDgcAopMDiZIMF,3,3,3,3,1,1,2,0,22,0,3,0,1,0,9,0,1,MM
187,xB,poster,5,0,I picked very appropriate because a patient should be informed of any and all risks that are involved with any procedure and the director is right to inform them.,92,R_1K8wzpdENGCRbcV,5,2,5,1,2,0,3,1,22,0,2,0,4,1,8,0,1,MM
196,xB,poster,5,0,I would like to know what procedures should be followed to keep me safe. The posters would give me the chance to make sure that procedures are followed.,167,R_2nITKGAx3ZTBiBH,5,4,3,3,2,0,3,1,44,1,2,0,3,0,12,0,1,MM
200,xB,poster,5,0,"It doesn't hurt to have additional information on safety precautions. Hopefully by putting patients in these rooms, they will better understand the risks and procedures that they should follow.",103,R_1pop4uW6TQ1xPsx,2,2,4,2,1,1,3,1,32,0,4,1,5,1,6,0,1,MM
210,xB,poster,4,0,Patients have the right to be as safe as possible. They should know what safety procedures will be used.,85,R_12F1OEPx6BEe765,4,4,4,2,2,0,3,1,39,1,3,0,4,1,10,0,1,MM
224,xB,poster,5,0,I think patients have a right to know the effects of what may happen to them during procedures and what is being placed into their bodies during medical procdures.,112,R_2wz8WFdevu1jVmQ,5,5,4,2,2,0,3,1,43,1,2,0,2,0,12,0,1,MM
260,xB,poster,1,1,"However, the only real argument against it is that the director might consider the problem solved and ignore future cases of infections. But that's a stretch.",401,R_1fjG3TFZIkT9TDj,2,2,5,1,1,1,3,1,30,0,2,0,2,0,5,0,1,MM
275,xB,poster,4,0,I think it is informative. I think it would help patients make an informed choice.,134,R_28TeNFnsdlDNGER,1,1,5,1,2,0,1,0,35,1,4,1,4,1,3,0,1,MM
285,xB,poster,1,1,"A reminder of safety procedures is always appropriate. Hopefully, the professionals doing the job will read the poster.",147,R_6EhwsrdqANvoeBj,1,1,3,3,2,0,3,1,64,1,6,1,6,1,5,0,1,MM
288,xB,poster,5,0,It is best to spread the word and keep the patients informed as to exactly what the risks are. It's likely a person would notice a poster regarding their procedure while they wait to be seen.,140,R_1LqHihAo9XGc426,1,1,5,1,2,0,3,1,31,0,4,1,3,0,3,0,1,MM
301,xB,poster,1,1,"I think measures like this, do no harm and help remind medical professionals of important steps and of the dangers that can happen.",158,R_1r0SAXDPKSXBbKe,5,4,5,1,2,0,3,1,34,1,4,1,6,1,10,0,1,MM
316,xB,poster,2,1,"Even though it could be argued in court that the doctor was free of liability since this information was in view to patient, it would be only reasonable to personally address the risks with the patient before every procedure.",148,R_2EtKpD1vSu8GtHa,5,4,4,2,1,1,3,1,29,0,3,0,3,0,11,0,1,MM
388,xB,poster,5,0,It makes sense to warn people about the dangers if they don't follow basic precautions about the procedure. It makes more sense to have them clearly visible in the room it'll be done in where the doctor can go over it with them.,118,R_3qESFQS9yEBoUHa,1,1,5,1,1,1,3,1,35,1,3,0,1,0,3,1,0,MM
389,ABL,bp_long,1,1,"It would be altogether easy just to do both, so why do only one?",255,R_25FbiVjo4E8HIL5,1,1,5,1,1,1,3,1,46,1,4,1,1,0,3,1,0,MM
390,ABL,bp_long,4,0,"Well, at least he is making gains to fix it.  He did identify the problem.",89,R_3J9681uHDcy6N1p,5,3,5,1,2,0,3,1,38,1,4,1,6,1,9,1,0,MM
391,xA,badge,2,1,"I think it would be a good resource for a new doctors, but it would concern me if an established doctor had to look at the list. I feel that he or she should already know what they are doing.",149,R_ZC4eTXp7V8QWLe1,1,1,5,1,2,0,3,1,41,1,4,1,4,1,3,1,0,MM
392,ABL,bp_long,4,0,"It will allow him to figure out which way works best for the doctors.  Although, I think the doctors shouldn't need a reminder of the correct steps to take.",122,R_bP1EDTfzq2ij73P,1,1,5,1,2,0,3,1,42,1,2,0,2,0,3,1,0,MM
393,ABS,bp_short,2,1,I think formal education would help more than these two methods.,91,R_3kpLXtX8ij2y0yK,4,2,5,1,1,1,3,1,31,0,6,1,6,1,7,1,0,MM
394,ABL,bp_long,5,0,It can help people,90,R_3ehw7hnHBWP9wS1,1,1,5,1,1,1,2,0,21,0,3,0,2,0,3,1,0,MM
395,xB,poster,3,0,I don't really feel one way or another about the situation and can see both benefits and negatives.,395,R_2zc1CFLXKV9PAEe,3,2,4,2,2,0,3,1,24,0,2,0,2,0,7,1,0,MM
396,xB,poster,4,0,Because it will add an extra layer of security to the procedure. It will remind workers of the steps that need to be taken to prevent infection. ,126,R_1hW4Oa1Kwd7NP6X,3,1,5,1,1,1,3,1,25,0,4,1,2,0,5,1,0,MM
397,ABS,bp_short,3,0,Seems fair to me.,26,R_1Cq3a0eoGBzL0We,3,4,3,3,1,1,3,1,28,0,4,1,2,0,10,1,0,MM
398,xB,poster,4,0,its not a study if there is no control group,41,R_2zCkYfL2I4YsnMc,2,2,2,4,2,0,3,1,21,0,4,1,3,0,8,1,0,MM
399,xB,poster,4,0,"I think it would bring peace of mind to the patients, but it does not guarantee that the Doctor who would be performing the procedure is confident or knowledgeable.  ",232,R_1ooN7dYHSrMi7my,4,3,4,2,2,0,3,1,31,0,3,0,3,0,9,1,0,MM
400,ABS,bp_short,2,1,"all safety precautions should be in plain sight.
all patients should be able to decide which option they want",384,R_3oSBs8B5LcW7rk4,4,3,4,2,2,0,3,1,47,1,3,0,5,1,9,1,0,MM
401,xB,poster,4,0,I think the poster will serve as a reminder as to the importance of using all safety precautions to minimize the risk of infection to the patient. I don't think the poster is harmful because it represents the greater good.,167,R_2wBPJakO04lw8mR,3,1,5,1,2,0,3,1,47,1,3,0,6,1,5,1,0,MM
402,xB,poster,4,0,Patients deserve to know these details. ,70,R_3QU6l67mOtvGH0B,4,3,4,2,2,0,3,1,49,1,4,1,3,0,9,1,0,MM